Symbol,Name,Tur
AAK,ATA PORTFÖY ÇOKLU VARLIK DEĞİŞKEN FON,TEFAS
AAL,ATA PORTFÖY PARA PİYASASI (TL) FONU,TEFAS
AAS,ATA PORTFÖY FON SEPETİ SERBEST FONU,TEFAS
AAV,ATA PORTFÖY İKİNCİ HİSSE SENEDİ (TL) FONU (HİSSE SENEDİ YOĞUN FON),TEFAS
AC1,PARDUS PORTFÖY KISA VADELİ KATILIM SERBEST FONU,TEFAS
AC4,PARDUS  PORTFÖY PARA PİYASASI (TL) FON,TEFAS
AC5,PARDUS PORTFÖY İSTATİSTİKSEL ARBİTRAJ HİSSE SENEDİ SERBEST (TL) FON (HİSSE SENEDİ YOĞUN FON),TEFAS
AC6,PARDUS PORTFÖY DÖRDÜNCÜ SERBEST (DÖVİZ) FON,TEFAS
ACC,İSTANBUL PORTFÖY DÖRDÜNCÜ HİSSE SENEDİ FONU (HİSSE SENEDİ YOĞUN),TEFAS
ACD,İSTANBUL PORTFÖY İKİNCİ DEĞİŞKEN FON,TEFAS
ACU,İSTANBUL PORTFÖY URARTU SERBEST (DÖVİZ) FON,TEFAS
ADE,AK PORTFÖY MUTLAK GETİRİ HEDEFLİ DEĞİŞKEN FON,TEFAS
ADP,AK PORTFÖY BIST BANKA ENDEKSİ HİSSE SENEDİ (TL) FONU (HİSSE SENEDİ YOĞUN FON),TEFAS
AED,ATA PORTFÖY BİRİNCİ DEĞİŞKEN FON,TEFAS
AES,AK PORTFÖY PETROL YABANCI BYF FON SEPETİ FONU,TEFAS
AEV,ALLBATROSS PORTFÖY SANAYİ ŞİRKETLERİ HİSSE SENEDİ (TL) FONU (HİSSE SENEDİ YOĞUN FON),TEFAS
AFA,AK PORTFÖY  AMERİKA YABANCI HİSSE SENEDİ FONU,TEFAS
AFO,AK PORTFÖY ALTIN FONU,TEFAS
AFS,AK PORTFÖY SAĞLIK SEKTÖRÜ YABANCI HİSSE SENEDİ FONU,TEFAS
AFT,AK PORTFÖY YENİ TEKNOLOJİLER YABANCI HİSSE SENEDİ FONU,TEFAS
AFV,AK PORTFÖY  AVRUPA YABANCI HİSSE SENEDİ FONU,TEFAS
AGC,AK PORTFÖY İKİNCİ DEĞİŞKEN FON,TEFAS
AHI,ATLAS PORTFÖY BİRİNCİ HİSSE SENEDİ FONU(HİSSE SENEDİ YOĞUN),TEFAS
AHN,ATLAS PORTFÖY SERBEST(DÖVİZ)FON,TEFAS
AHU,ATLAS PORTFÖY BİRİNCİ ÖZEL SEKTÖR BORÇLANMA ARAÇLARI FONU,TEFAS
AHV,AZİMUT PORTFÖY DENGELİ FON SEPETİ FONU,TEFAS
AIS,AK PORTFÖY PARA PİYASASI KATILIM FONU,TEFAS
AJ1,A1 CAPİTAL PORTFÖY İSTATİSTİKSEL ARBİTRAJ HİSSE SENEDİ SERBEST FON (HİSSE SENEDİ YOĞUN FON),TEFAS
AJK,AK PORTFÖY 0-5 YIL VADELİ SERBEST (DÖVİZ) FON,TEFAS
AK2,AK PORTFÖY UZUN VADELİ BORÇLANMA ARAÇLARI FONU,TEFAS
AK3,AK PORTFÖY HİSSE SENEDİ (TL) FONU (HİSSE SENEDİ YOĞUN FON),TEFAS
AKE,AK PORTFÖY EUROBOND (AMERİKAN DOLARI) BORÇLANMA ARAÇLARI FONU,TEFAS
AKU,AK PORTFÖY BIST 30 ENDEKSİ HİSSE SENEDİ (TL) FONU (HİSSE SENEDİ YOĞUN FON),TEFAS
ALC,AK PORTFÖY KAR PAYI ÖDEYEN ŞİRKETLER HİSSE SENEDİ (TL) FONU (HİSSE SENEDİ YOĞUN FON),TEFAS
AN1,STRATEJİ PORTFÖY BİRİNCİ DEĞİŞKEN FON,TEFAS
ANZ,ATA PORTFÖY DÖRDÜNCÜ SERBEST (DÖVİZ) FON,TEFAS
AOJ,ALLBATROSS PORTFÖY İNŞAAT SEKTÖRÜ HİSSE SENEDİ SERBEST (TL) FON (HİSSE SENEDİ YOĞUN FON),TEFAS
AOY,AK PORTFÖY ALTERNATİF ENERJİ YABANCI HİSSE SENEDİ FONU,TEFAS
AP5,ATLAS PORTFÖY BEŞİNCİ HİSSE SENEDİ SERBEST FON (HİSSE SENEDİ YOĞUN FON),TEFAS
AP7,PARDUS PORTFÖY ALGO ETNA İSTATİSTİKSEL ARBİTRAJ SERBEST FON,TEFAS
APJ,AK PORTFÖY BIST ŞİRKETLERİ FON SEPETİ FONU,TEFAS
APT,AK PORTFÖY ORTA VADELI BORÇLANMA ARAÇLARI FONU,TEFAS
ARE,İSTANBUL PORTFÖY YABANCI HİSSE SENEDİ FONU,TEFAS
ARL,AK PORTFÖY BİRİNCİ FON SEPETİ FONU,TEFAS
ARM,AK PORTFÖY İKİNCİ FON SEPETİ FONU,TEFAS
AS1,ALLBATROSS PORTFÖY BİRİNCİ SERBEST (DÖVİZ) FON,TEFAS
ASJ,AKTİF PORTFÖY HİSSE SENEDİ (TL) FONU (HİSSE SENEDİ YOĞUN FON),TEFAS
AU1,A1 CAPİTAL PORTFÖY ALTIN FONU,TEFAS
AUT,ATA PORTFÖY DENGELİ DEĞİŞKEN FON,TEFAS
AUV,AK PORTFÖY UZUN VADELİ SERBEST (DÖVİZ) FON,TEFAS
AYA,ATA PORTFÖY KAR PAYI ÖDEYEN HİSSE SENEDİ (TL) FONU (HİSSE SENEDİ YOĞUN FON),TEFAS
AYR,AK PORTFÖY ÖZEL SEKTÖR BORÇLANMA ARAÇLARI (TL) FONU,TEFAS
BBF,PARDUS PORTFÖY BİRİNCİ BORÇLANMA ARAÇLARI (TL) FONU,TEFAS
BBP,ALLBATROSS PORTFÖY BİRİNCİ BORÇLANMA ARAÇLARI FONU,TEFAS
BBS,BULLS PORTFÖY BİRİNCİ SERBEST (TL) FON,TEFAS
BCK,DENİZ PORTFÖY BLOCKCHAİN VE FINTECH TEKNOLOJİLERİ DEĞİŞKEN FON,TEFAS
BCO,BULLS PORTFÖY ÇOKLU VARLIK KATILIM FONU,TEFAS
BDA,YAPI KREDİ PORTFÖY BİRİNCİ KATILIM SERBEST (DÖVİZ-AVRO) FON,TEFAS
BDS,PARDUS PORTFÖY BIST 30 DIŞI ŞİRKETLER HİSSE SENEDİ (TL) FONU (HİSSE SENEDİ YOĞUN FON),TEFAS
BDY,AK PORTFÖY BIST 100 DIŞI ŞİRKETLER HİSSE SENEDİ (TL) FONU (HİSSE SENEDİ YOĞUN FON),TEFAS
BFE,ALLBATROSS PORTFÖY BİRİNCİ FON SEPETİ FONU,TEFAS
BFT,AZİMUT PORTFÖY BANKA VE FİNANS SEKTÖRÜ HİSSE SENEDİ FONU (HİSSE SENEDİ YOĞUN FON),TEFAS
BGP,AK PORTFÖY ÜÇÜNCÜ PARA PİYASASI (TL) FONU,TEFAS
BHA,BULLS PORTFÖY HİSSE SENEDİ (TL) FONU (HİSSE SENEDİ YOĞUN FON),TEFAS
BHF,PARDUS PORTFÖY BİRİNCİ DEĞİŞKEN FON,TEFAS
BHI,BV PORTFÖY MUTLAK GETİRİ HEDEFLİ HİSSE SENEDİ SERBEST (TL) FON (HİSSE SENEDİ YOĞUN FON),TEFAS
BHL,İŞ PORTFÖY BİRİNCİ HİSSE SENEDİ SERBEST FON (HİSSE SENEDİ YOĞUN FON),TEFAS
BID,QNB PORTFÖY BIST 100 DIŞI ŞİRKETLER HİSSE SENEDİ (TL) FONU (HİSSE SENEDİ YOĞUN FON),TEFAS
BIG,YAPI KREDİ PORTFÖY ÜÇÜNCÜ HİSSE SENEDİ FONU (HİSSE SENEDİ YOĞUN FON),TEFAS
BIH,PARDUS PORTFÖY BİRİNCİ HİSSE SENEDİ (TL) FONU (HİSSE SENEDİ YOĞUN FON),TEFAS
BIO,İŞ PORTFÖY SÜRDÜRÜLEBİLİRLİK HİSSE SENEDİ (TL) FONU (HİSSE SENEDİ YOĞUN FON),TEFAS
BIP,İSTANBUL PORTFÖY BİRİNCİ PARA PİYASASI SERBEST (TL) FON,TEFAS
BIS,BV PORTFÖY BİRİNCİ SERBEST FON,TEFAS
BIY,AZİMUT PORTFÖY BIST 100 DIŞI ŞİRKETLER HİSSE SENEDİ FONU (HİSSE SENEDİ YOĞUN FON),TEFAS
BJD,AZİMUT PORTFÖY 13.0 SERBEST (DÖVİZ) FON,TEFAS
BKY,YAPI KREDİ PORTFÖY BİRİNCİ KATILIM SERBEST (DÖVİZ) FON,TEFAS
BLD,DENİZ PORTFÖY BALEV EĞİTİME DESTEK SERBEST FON,TEFAS
BLT,BULLS PORTFÖY ALTIN FONU,TEFAS
BMU,BULLS PORTFÖY MUTLAK GETİRİ HEDEFLİ HİSSE SENEDİ SERBEST FON (HİSSE SENEDİ YOĞUN FON),TEFAS
BNC,AK PORTFÖY BEŞİNCİ SERBEST FON,TEFAS
BNH,İSTANBUL PORTFÖY BANKACILIK SEKTÖRÜ HİSSE SENEDİ SERBEST (TL) FON (HİSSE SENEDİ YOĞUN FON),TEFAS
BOL,AKTİF PORTFÖY BORÇLANMA ARAÇLARI FONU,TEFAS
BON,A1 CAPİTAL PORTFÖY BORÇLANMA ARAÇLARI FONU,TEFAS
BOS,BULLS PORTFÖY ALTINCI HİSSE SENEDİ SERBEST FON (HİSSE SENEDİ YOĞUN FON),TEFAS
BPZ,BULLS PORTFÖY PARA PİYASASI (TL) FONU,TEFAS
BRC,RE-PIE PORTFÖY BİRİNCİ İSTATİSTİKSEL ARBİTRAJ HİSSE SENEDİ SERBEST FON (HİSSE SENEDİ YOĞUN FON),TEFAS
BRF,DENİZ PORTFÖY BİRİNCİ FON SEPETİ FONU,TEFAS
BRR,AK PORTFÖY İKİNCİ KISA VADELİ BORÇLANMA ARAÇLARI (TL) FONU,TEFAS
BRT,PARDUS PORTFÖY BEREKET HİSSE SENEDİ SERBEST FON (HİSSE SENEDİ YOĞUN FON),TEFAS
BSD,BV PORTFÖY SERBEST (DÖVİZ) FON,TEFAS
BSH,ATLAS PORTFÖY BANKACILIK SEKTÖRÜ HİSSE SENEDİ SERBEST FON (HİSSE SENEDİ YOĞUN FON),TEFAS
BSM,GLOBAL MD PORTFÖY BERRAK SERBEST FON,TEFAS
BST,PARDUS PORTFÖY BANKACILIK SEKTÖRÜ DIŞI ŞİRKETLER HİSSE SENEDİ SERBEST (TL) FON (HİSSE SENEDİ YOĞUN FON),TEFAS
BTE,BV PORTFÖY OYUN VE TEKNOLOJİ DEĞİŞKEN FON,TEFAS
BTJ,ATLAS PORTFÖY İSTATİSTİKSEL ARBİTRAJ HİSSE SENEDİ SERBEST FON (HİSSE SENEDİ YOĞUN FON),TEFAS
BTK,BV PORTFÖY TEKNOLOJİ KATILIM FONU,TEFAS
BTZ,ATLAS PORTFÖY BIST 30 DIŞI ŞİRKETLER HİSSE SENEDİ FONU (HİSSE SENEDİ YOĞUN FON),TEFAS
BUV,BULLS PORTFÖY VOLTRAN SERBEST (TL) FON,TEFAS
BUY,AK PORTFÖY BÜYÜYEN ŞİRKETLER HİSSE SENEDİ (TL) FONU (HİSSE SENEDİ YOĞUN FON),TEFAS
BV1,BV PORTFÖY BİRİNCİ HİSSE SENEDİ (TL) FON (HİSSE SENEDİ YOĞUN FON),TEFAS
BVF,BV PORTFÖY PARA PİYASASI (TL) FON,TEFAS
BVM,ALLBATROSS PORTFÖY BİRİNCİ HİSSE SENEDİ SERBEST (TL) FON (HİSSE SENEDİ YOĞUN FON),TEFAS
BVV,BV PORTFÖY TEKNOLOJİ DEĞİŞKEN FON,TEFAS
BVZ,BV PORTFÖY İSTATİSTİKSEL ARBİTRAJ SERBEST (TL) FON,TEFAS
CAH,A1 CAPİTAL PORTFÖY HİSSE SENEDİ SERBEST FON (HİSSE SENEDİ YOĞUN FON),TEFAS
CFO,ROTA PORTFÖY İKİNCİ PARA PİYASASI FONU,TEFAS
CIN,AKTİF PORTFÖY BİRİNCİ SERBEST FON,TEFAS
CKF,ALBARAKA PORTFÖY ÇOKLU VARLIK KATILIM FONU,TEFAS
CKL,YAPI KREDİ PORTFÖY ÇOKLU VARLIK DEĞİŞKEN FON,TEFAS
CKS,İŞ PORTFÖY BİRİNCİ KATILIM SERBEST (DÖVİZ) FON,TEFAS
CPT,ROTA PORTFÖY ÇİP TEKNOLOJİLERİ DEĞİŞKEN FON,TEFAS
CPU,AKTİF PORTFÖY TEKNOLOJİ KATILIM FONU,TEFAS
CVK,INVEO PORTFÖY ÇOKLU VARLIK KATILIM FONU,TEFAS
CVL,A1 CAPİTAL PORTFÖY ÇOKLU VARLIK KATILIM FONU,TEFAS
DA1,A1 CAPİTAL PORTFÖY SERBEST (DÖVİZ) FON,TEFAS
DAH,DENİZ PORTFÖY HİSSE SENEDİ FONU (HİSSE SENEDİ YOĞUN FON),TEFAS
DAS,DENİZ PORTFÖY ONİKİNCİ SERBEST (DÖVİZ) FON,TEFAS
DBA,DENİZ PORTFÖY ALTIN FONU,TEFAS
DBB,DENİZ PORTFÖY BORÇLANMA ARAÇLARI FONU,TEFAS
DBH,DENİZ PORTFÖY EUROBOND (DÖVİZ) BORÇLANMA ARAÇLARI FONU,TEFAS
DBK,DENİZ PORTFÖY KISA VADELİ BORÇLANMA ARAÇLARI (TL) FONU,TEFAS
DBP,DENİZ PORTFÖY BİRİNCİ DEĞİŞKEN FON,TEFAS
DBZ,DENİZ PORTFÖY ÖZEL SEKTÖR BORÇLANMA ARAÇLARI FONU,TEFAS
DCB,DENİZ PORTFÖY PARA PİYASASI SERBEST (TL) FON,TEFAS
DDA,DENİZ PORTFÖY BANKACILIK SEKTÖRÜ HİSSE SENEDİ SERBEST FON (HİSSE SENEDİ YOĞUN FON),TEFAS
DDF,DENİZ PORTFÖY DİNAMO SERBEST FON,TEFAS
DEF,ALLBATROSS PORTFÖY DEFNE SERBEST FON,TEFAS
DFC,DENİZ PORTFÖY TARIM VE GIDA DEĞİŞKEN FON,TEFAS
DFD,DENİZ PORTFÖY EMTİA SERBEST FON,TEFAS
DFI,ATLAS PORTFÖY SERBEST FON,TEFAS
DGF,A1 CAPİTAL PORTFÖY DEĞİŞKEN FON,TEFAS
DGH,ATA PORTFÖY PARA PİYASASI SERBEST (TL) FON,TEFAS
DHJ,DENİZ PORTFÖY TEKNOLOJİ ŞİRKETLERİ HİSSE SENEDİ FONU (HİSSE SENEDİ YOĞUN FON),TEFAS
DHM,DENİZ PORTFÖY ESG-SÜRDÜRÜLEBİLİRLİK FON SEPETİ FONU,TEFAS
DID,DENİZ PORTFÖY İKİNCİ DEĞİŞKEN FON,TEFAS
DIP,DENİZ PORTFÖY İKİNCİ PARA PİYASASI SERBEST (TL) FON,TEFAS
DKH,DENİZ PORTFÖY KATILIM HİSSE SENEDİ (TL) FONU (HİSSE SENEDİ YOĞUN FON),TEFAS
DKL,DENİZ PORTFÖY BİRİNCİ KATILIM SERBEST (DÖVİZ) FON,TEFAS
DKR,DENİZ PORTFÖY ONDÖRDÜNCÜ SERBEST FON,TEFAS
DL2,DENİZ PORTFÖY İKİNCİ PARA PİYASASI (TL) FONU,TEFAS
DLD,DENİZ PORTFÖY SÜRDÜRÜLEBİLİRLİK HİSSE SENEDİ FONU (HİSSE SENEDİ YOĞUN FON),TEFAS
DLY,DENİZ PORTFÖY PARA PİYASASI (TL) FONU,TEFAS
DMG,DENİZ PORTFÖY GÜMÜŞ FON SEPETİ FONU,TEFAS
DNF,A1 CAPİTAL PORTFÖY DİNAMİK FON SEPETİ FONU,TEFAS
DNH,DENİZ PORTFÖY İNŞAAT SEKTÖRÜ HİSSE SENEDİ SERBEST (TL) FON (HİSSE SENEDİ YOĞUN FON),TEFAS
DNK,TACİRLER PORTFÖY DENGE KATILIM SERBEST FON,TEFAS
DNM,QNB PORTFÖY DİNAMİK DAĞILIMLI SERBEST (DÖVİZ) FON,TEFAS
DNP,DENİZ PORTFÖY PARA PİYASASI KATILIM SERBEST (TL) FON,TEFAS
DOH,TERA PORTFÖY DÖRDÜNCÜ HİSSE SENEDİ SERBEST (TL) FON (HİSSE SENEDİ YOĞUN FON),TEFAS
DOL,AKTİF PORTFÖY ÜÇÜNCÜ AKTİF SERBEST (DÖVİZ) FON,TEFAS
DOV,DENİZ PORTFÖY ONÜÇÜNCÜ SERBEST (DÖVİZ-AVRO) FON,TEFAS
DPB,DENİZ PORTFÖY SERBEST (DÖVİZ) FON,TEFAS
DPK,DENİZ PORTFÖY KİRA SERTİFİKALARI KATILIM (TL) FONU,TEFAS
DPT,DENİZ PORTFÖY BİST TEMETTÜ 25 ENDEKSİ HİSSE SENEDİ FONU ( HİSSE SENEDİ YOĞUN FON ),TEFAS
DSD,DENİZ PORTFÖY İKİNCİ SERBEST (DÖVİZ_AVRO) FON,TEFAS
DSP,DENİZ PORTFÖY DENGELİ FON SEPETİ FONU,TEFAS
DTL,DENİZ PORTFÖY BIST 100 DIŞI ŞİRKETLER HİSSE SENEDİ (TL) FONU (HİSSE SENEDİ YOĞUN FON),TEFAS
DTM,DENİZ PORTFÖY TEMETTÜ ÖDEYEN ŞİRKETLER DEĞİŞKEN FON,TEFAS
DTZ,AK PORTFÖY ROBOTİK TEKNOLOJİLER DEĞİŞKEN FON,TEFAS
DUD,DENİZ PORTFÖY UZUN VADELİ SERBEST (DÖVİZ) FON,TEFAS
DUH,HEDEF PORTFÖY UFUK HİSSE SENEDİ SERBEST FON (HİSSE SENEDİ YOĞUN FON),TEFAS
DUV,DENİZ PORTFÖY UZUN VADELİ BORÇLANMA ARAÇLARI FONU,TEFAS
DVS,DENİZ PORTFÖY KISA VADELİ SERBEST (TL) FON,TEFAS
DVT,DENİZ PORTFÖY METAVERSE VE DİJİTAL YAŞAM TEKNOLOJİLERİ DEĞİŞKEN FON,TEFAS
DXP,DENİZ PORTFÖY İHRACATÇI ŞİRKETLER HİSSE SENEDİ FONU (HİSSE SENEDİ YOĞUN FON),TEFAS
DYN,DENİZ PORTFÖY ELEKTRİKLİ VE OTONOM ARAÇ TEKNOLOJİLERİ DEĞİŞKEN FON,TEFAS
DZE,DENİZ PORTFÖY BIST 100 ENDEKSİ HİSSE SENEDİ FONU(HİSSE SENEDİ YOĞUN FON),TEFAS
DZM,DENİZ PORTFÖY BEŞİNCİ SERBEST (DÖVİZ) FON,TEFAS
EBD,GLOBAL MD PORTFÖY İKİNCİ DEĞİŞKEN FON,TEFAS
EBI,EMAA BLUE PORTFÖY İKİNCİ SERBEST (DÖVİZ-AVRO) FON,TEFAS
EBS,EMAA BLUE PORTFÖY BİRİNCİ SERBEST (DÖVİZ-ABD DOLARI) FON,TEFAS
EC2,GLOBAL MD PORTFÖY BİRİNCİ HİSSE SENEDİ FONU(HİSSE SENEDİ YOĞUN FON),TEFAS
ECA,GLOBAL MD PORTFÖY BİRİNCİ DEĞİŞKEN FON,TEFAS
EDT,DENİZ PORTFÖY TED EĞİTİME DESTEK SERBEST FON,TEFAS
EDU,İŞ PORTFÖY TEV EĞİTİME DESTEK DEĞİŞKEN FON,TEFAS
EIB,QİNVEST PORTFÖY DEĞİŞKEN FON,TEFAS
EID,QİNVEST PORTFÖY HİSSE SENEDİ FONU (HİSSE YOĞUN FON),TEFAS
EIL,QİNVEST PORTFÖY PARA PİYASASI FONU,TEFAS
EKF,QİNVEST PORTFÖY KİRA SERTİFİKASI KATILIM (TL) FONU,TEFAS
ELZ,QİNVEST PORTFÖY KATILIM HİSSE SENEDİ FONU (HİSSE SENEDİ YOĞUN FON),TEFAS
ENJ,AKTİF PORTFÖY ENERJİ ŞİRKETLERİ HİSSE SENEDİ (TL) FONU (HİSSE SENEDİ YOĞUN FON),TEFAS
EPA,EMAA BLUE PORTFÖY PARA PİYASASI KATILIM (TL) FONU,TEFAS
EPI,EMAA BLUE PORTFÖY İNŞAAT SEKTÖRÜ KATILIM FONU,TEFAS
EPK,EMAA BLUE PORTFÖY KIYMETLİ MADENLER KATILIM FON SEPETİ FONU,TEFAS
EPP,EMAA BLUE PORTFÖY PARA PİYASASI SERBEST FON,TEFAS
EPT,EMAA BLUE PORTFÖY PARA PİYASASI (TL) FONU,TEFAS
ESG,AKTİF PORTFÖY ESG SÜRDÜRÜLEBİLİRLİK SERBEST FON,TEFAS
ESP,AURA PORTFÖY EMTİA SERBEST FON,TEFAS
EUN,GARANTİ PORTFÖY İKİNCİ SERBEST (DÖVİZ-AVRO) FON,TEFAS
EUZ,GARANTİ PORTFÖY SERBEST (DÖVİZ-AVRO) FON,TEFAS
EYT,AKTİF PORTFÖY İKİNCİ FON SEPETİ FONU,TEFAS
FAK,FONMAP PORTFÖY ALTIN KATILIM FONU,TEFAS
FAL,ONE PORTFÖY ALTIN FONU,TEFAS
FBC,ONE PORTFÖY KAR PAYI ÖDEYEN KATILIM FONU,TEFAS
FBI,FİBA PORTFÖY BİRİNCİ SERBEST (DÖVİZ) FON,TEFAS
FBV,İŞ PORTFÖY MODEL SERBEST FON,TEFAS
FBZ,FİBA PORTFÖY TEKNOLOJİ SERBEST FON,TEFAS
FCK,ONE PORTFÖY ÇOKLU VARLIK KATILIM FONU,TEFAS
FD1,ONE PORTFÖY BİRİNCİ DEĞİŞKEN FON,TEFAS
FDG,FONMAP PORTFÖY BİRİNCİ DEĞİŞKEN FON,TEFAS
FFH,QNB PORTFÖY ÇOKLU VARLIK KATILIM FONU,TEFAS
FFP,QNB PORTFÖY FON SEPETİ FONU,TEFAS
FI3,QNB PORTFÖY BORÇLANMA ARAÇLARI FONU,TEFAS
FIB,FİBA PORTFÖY ALTIN FONU,TEFAS
FID,FİBA PORTFÖY ÇOKLU VARLIK İKİNCİ DEĞİŞKEN FON,TEFAS
FIL,FİBA PORTFÖY PARA PİYASASI (TL) FONU,TEFAS
FIT,FİBA PORTFÖY BORÇLANMA ARAÇLARI (TL) FONU,TEFAS
FJB,FİBA PORTFÖY BLOK ZİNCİRİ TEKNOLOJİLERİ SERBEST FON,TEFAS
FJZ,FİBA PORTFÖY FIRTINA SERBEST (DÖVİZ) FON,TEFAS
FKE,QNB PORTFÖY KRİSTAL SERBEST (DÖVİZ-AVRO) FON,TEFAS
FLS,YAPI KREDİ PORTFÖY FLORYA SERBEST (DÖVİZ-AVRO) FON,TEFAS
FLY,AKTİF PORTFÖY HAVACILIK VE SAVUNMA TEKNOLOJİLERİ DEĞİŞKEN FON,TEFAS
FMG,QNB PORTFÖY GÜMÜŞ SERBEST FON,TEFAS
FMV,DENİZ PORTFÖY FMV IŞIK ÜNİVERSİTESİ EĞİTİME DESTEK SERBEST FON,TEFAS
FNO,QNB PORTFÖY BİRİNCİ DEĞİŞKEN FON,TEFAS
FNT,HEDEF PORTFÖY MODEL HİSSE SENEDİ SERBEST (TL) FON (HİSSE SENEDİ YOĞUN FON),TEFAS
FP4,ONE PORTFÖY DÖRDÜNCÜ HİSSE SENEDİ SERBEST FON (HİSSE SENEDİ YOĞUN FON),TEFAS
FPE,FİBA PORTFÖY EUROBOND BORÇLANMA ARAÇLARI (DÖVİZ)FONU,TEFAS
FPG,FİBA PORTFÖY GÜMÜŞ SERBEST FON,TEFAS
FPH,FİBA PORTFÖY HİSSE SENEDİ (TL) FONU (HİSSE SENEDİ YOĞUN FON),TEFAS
FPI,FONMAP PORTFÖY BİRİNCİ PARA PİYASASI (TL) FONU,TEFAS
FPK,FİBA PORTFÖY KISA VADELİ BORÇLANMA ARAÇLARI (TL) FONU,TEFAS
FPZ,QNB PORTFÖY BİRİNCİ SERBEST (DÖVİZ) FON,TEFAS
FRC,FONMAP PORTFÖY BİRİNCİ HİSSE SENEDİ SERBEST FON (HİSSE SENEDİ YOĞUN FON),TEFAS
FS5,ONE PORTFÖY BİRİNCİ İSTATİSTİKSEL ARBİTRAJ HİSSE SENEDİ SERBEST FON (HİSSE SENEDİ YOĞUN FON),TEFAS
FS6,ONE PORTFÖY İKİNCİ İSTATİSTİKSEL ARBİTRAJ SERBEST FON,TEFAS
FSF,FİBA PORTFÖY PARA PİYASASI SERBEST (TL) FON,TEFAS
FSG,FİBA PORTFÖY BİRİNCİ HİSSE SENEDİ SERBEST FON (HİSSE SENEDİ YOĞUN FON),TEFAS
FSH,FİBA PORTFÖY FON SEPETİ SERBEST FON,TEFAS
FSK,QNB PORTFÖY İKİNCİ PARA PİYASASI (TL) FONU,TEFAS
FSP,FONMAP PORTFÖY SERBEST (DÖVİZ) FON,TEFAS
FSR,FİBA PORTFÖY İKİNCİ SERBEST (DÖVİZ-AVRO) FON,TEFAS
FSU,TERA PORTFÖY FON SEPETİ FONU,TEFAS
FTL,ONE PORTFÖY PARA PİYASASI KATILIM (TL) FONU,TEFAS
FUA,AK PORTFÖY İHRACATÇI ŞİRKETLER HİSSE SENEDİ (TL) FONU (HİSSE SENEDİ YOĞUN FON),TEFAS
FUB,QNB PORTFÖY EUROBOND (DÖVİZ) BORÇLANMA ARAÇLARI FONU,TEFAS
FYD,QNB PORTFÖY BİRİNCİ HİSSE SENEDİ FONU (HİSSE SENEDİ YOĞUN FON),TEFAS
FYI,AZİMUT PORTFÖY 4.0 SERBEST FON,TEFAS
FYO,QNB PORTFÖY ÖZEL SEKTÖR BORÇLANMA ARAÇLARI FONU,TEFAS
FZJ,FİBA PORTFÖY BİRİNCİ FON SEPETİ FONU,TEFAS
FZP,FİBA PORTFÖY SERBEST FON,TEFAS
GA1,GARANTİ PORTFÖY  BORÇLANMA ARAÇLARI FONU,TEFAS
GAE,GARANTİ PORTFÖY BİST30 ENDEKSİ HİSSE SENEDİ FONU (HİSSE SENEDİ YOĞUN FON),TEFAS
GAF,INVEO PORTFÖY BİRİNCİ HİSSE SENEDİ FONU (HİSSE SENEDİ YOĞUN FON),TEFAS
GAG,INVEO PORTFÖY BİRİNCİ SERBEST (DÖVIZ)  FON,TEFAS
GAH,GARANTİ PORTFÖY MUTLAK GETİRİ HEDEFLİ DEĞİŞKEN FON,TEFAS
GAS,GARANTİ PORTFÖY ÜÇÜNCÜ SERBEST(DÖVİZ) FON,TEFAS
GBC,AZİMUT PORTFÖY YABANCI HİSSE SENEDİ FONU,TEFAS
GBG,INVEO PORTFÖY G-20 ÜLKELERİ YABANCI HİSSE SENEDİ FONU,TEFAS
GBH,GARANTİ PORTFÖY BİRİNCİ HİSSE SENEDİ SERBEST FON (HİSSE SENEDİ YOĞUN FON),TEFAS
GBJ,GARANTİ PORTFÖY BANKACILIK SEKTÖRÜ HİSSE SENEDİ SERBEST FON (HİSSE SENEDİ YOĞUN FON),TEFAS
GBL,AZİMUT PYŞ KISA VADELİ BORÇLANMA ARAÇLARI FONU,TEFAS
GBN,GARANTİ PORTFÖY BEŞİNCİ SERBEST (TL) FON,TEFAS
GBV,GARANTİ PORTFÖY BLOCKCHAİN TEKNOLOJİLERİ DEĞİŞKEN FON,TEFAS
GBZ,AZİMUT PORTFÖY EMTİA FON SEPETİ FONU,TEFAS
GGK,INVEO PORTFÖY  ALTIN FON,TEFAS
GHS,GARANTİ PORTFÖY HİSSE SENEDİ FONU (HİSSE SENEDİ YOĞUN FON),TEFAS
GID,GARANTİ PORTFÖY İNŞAAT SEKTÖRÜ DEĞİŞKEN FON,TEFAS
GIE,GARANTİ PORTFÖY GARANTİ BBVA İKLİM ENDEKSİ HİSSE SENEDİ (TL) FONU (HİSSE SENEDİ YOĞUN FON),TEFAS
GIH,ALLBATROSS PORTFÖY GIDA VE İÇECEK SEKTÖRÜ HİSSE SENEDİ FONU (HİSSE SENEDİ YOĞUN FON),TEFAS
GJB,INVEO PORTFÖY BİRİNCİ FON SEPETİ FONU,TEFAS
GKF,GLOBAL MD PORTFÖY KATILIM FONU,TEFAS
GKG,GARANTİ PORTFÖY KAR PAYI ÖDEYEN HİSSE SENEDİ (TL) FONU (HİSSE SENEDİ YOĞUN FON),TEFAS
GKH,GARANTİ PORTFÖY PARA PİYASASI KATILIM SERBEST (TL) FON,TEFAS
GKV,GARANTİ PORTFÖY KATILIM HİSSE SENEDİ (TL) FONU (HİSSE SENEDİ YOĞUN FON),TEFAS
GL1,AZİMUT PYŞ BİRİNCİ HİSSE SENEDİ FONU (HİSSE SENEDİ YOĞUN FON),TEFAS
GLC,AKTİF PORTFÖY ÜÇÜNCÜ FON SEPETİ FONU,TEFAS
GLG,AKTİF PORTFÖY CAPİTAL HİSSE SENEDİ SERBEST FON (HİSSE SENEDİ YOĞUN FON),TEFAS
GLS,AZİMUT PORTFÖY  KİRA SERTİFİKALARI (SUKUK) KATILIM FONU,TEFAS
GMA,AZİMUT PORTFÖY ÇOKLU VARLIK DEĞİŞKEN FON,TEFAS
GMC,TEB PORTFÖY GÜMÜŞ FON SEPETİ FONU,TEFAS
GMD,GLOBAL MD PORTFÖY BİRİNCİ FON SEPETİ FONU,TEFAS
GMI,AK PORTFÖY GÜMÜŞ SERBEST FON,TEFAS
GMN,GLOBAL MD PORTFÖY BİRİNCİ PARA PİYASASI SERBEST (TL) FON,TEFAS
GMR,INVEO PORTFÖY İKİNCİ HİSSE SENEDİ FONU (HİSSE SENEDİ YOĞUN FON),TEFAS
GNH,GLOBAL MD PORTFÖY ALGORİTMİK MODEL HİSSE SENEDİ FONU (HİSSE SENEDİ YOĞUN FON),TEFAS
GNS,GARANTİ PORTFÖY ENERJİ ŞİRKETLERİ HİSSE SENEDİ (TL) FONU (HİSSE SENEDİ YOĞUN FON),TEFAS
GO1,ONE PORTFÖY BİRİNCİ FON SEPETİ FONU,TEFAS
GO2,ONE PORTFÖY KATILIM FON SEPETİ FONU,TEFAS
GO3,ONE PORTFÖY ÜÇÜNCÜ FON SEPETİ FONU,TEFAS
GO4,ONE PORTFÖY DÖRDÜNCÜ FON SEPETİ FONU,TEFAS
GO6,ONE PORTFÖY PARA PİYASASI (TL) FONU,TEFAS
GO9,ONE PORTFÖY BİRİNCİ HİSSE SENEDİ FONU (HİSSE SENEDİ YOĞUN FON),TEFAS
GOH,GARANTİ PORTFÖY BIST 100 DIŞI ŞİRKETLER HİSSE SENEDİ FONU (HİSSE SENEDİ YOĞUN FON),TEFAS
GOL,GARANTİ PORTFÖY ALTIN KATILIM FONU,TEFAS
GPA,GARANTİ PORTFÖY EUROBOND BORÇLANMA ARAÇLARI (DÖVİZ) FONU,TEFAS
GPB,GARANTİ PORTFÖY BİRİNCİ DEĞİŞKEN FON,TEFAS
GPC,GARANTİ PORTFÖY İKİNCİ SERBEST ( DÖVİZ ) FON,TEFAS
GPF,GARANTİ PORTFÖY ÇOKLU VARLIK KATILIM FONU,TEFAS
GPG,INVEO PORTFÖY BİRİNCİ DEĞİŞKEN FON,TEFAS
GPI,GARANTİ PORTFÖY İKİNCİ DEĞİŞKEN FON,TEFAS
GPL,GARANTİ PORTFÖY BİRİNCİ SERBEST (DÖVİZ) FON,TEFAS
GPN,GARANTİ PORTFÖY PARA PİYASASI KATILIM (TL) FONU,TEFAS
GPT,AKTİF PORTFÖY ROBOTİK TEKNOLOJİLERİ DEĞİŞKEN FON,TEFAS
GPU,GARANTİ PORTFÖY ÜÇÜNCÜ DEĞİŞKEN FON,TEFAS
GPZ,GARANTİ PORTFÖY ÜÇÜNCÜ PARA PİYASASI FONU,TEFAS
GRL,QNB PORTFÖY AGRESİF SERBEST FON,TEFAS
GRO,GARANTİ PORTFÖY OTUZUNCU SERBEST (DÖVİZ) FON,TEFAS
GRT,GARANTİ PORTFÖY TEKNOLOJİ ŞİRKETLERİ HİSSE SENEDİ (TL) FONU (HİSSE SENEDİ YOĞUN FON),TEFAS
GSP,AZİMUT PYŞ KAR PAYI ÖDEYEN HİSSE SENEDİ FONU (HİSSE SENEDİ YOĞUN FON),TEFAS
GTA,GARANTİ PORTFÖY ALTIN FONU,TEFAS
GTF,AZİMUT PYŞ BİRİNCİ BORÇLANMA ARAÇLARI FONU,TEFAS
GTH,GARANTİ PORTFÖY İHRACATÇI ŞİRKETLER HİSSE SENEDİ (TL) FONU (HİSSE SENEDİ YOĞUN FON),TEFAS
GTM,GARANTİ PORTFÖY TEMETTÜ ÖDEYEN ŞİRKETLER HİSSE SENEDİ (TL) FONU (HİSSE SENEDİ YOĞUN FON),TEFAS
GTY,GARANTİ PORTFÖY TREND SERBEST FON,TEFAS
GTZ,GARANTİ PORTFÖY GÜMÜŞ FON SEPETİ FONU,TEFAS
GUB,GARANTİ PORTFÖY ÖZEL SEKTÖR BORÇLANMA ARAÇLARI FONU,TEFAS
GUH,GARANTİ PORTFÖY YABANCI TEKNOLOJİ HİSSE SENEDİ FONU,TEFAS
GUK,GARANTİ PORTFÖY GÜMÜŞ KATILIM SERBEST FON,TEFAS
GUM,AK PORTFÖY GÜMÜŞ FON SEPETI FONU,TEFAS
GUV,GARANTİ PORTFÖY UZUN VADELİ BORÇLANMA ARAÇLARI FONU,TEFAS
GVA,GARANTİ PORTFÖY ELEKTRİKLİ VE OTONOM ARAÇLAR DEĞİŞKEN FON,TEFAS
GVI,GARANTİ PORTFÖY ÜÇÜNCÜ FON SEPETİ FONU,TEFAS
GYK,INVEO PORTFÖY BORÇLANMA ARAÇLARI (TL) FONU,TEFAS
GZE,GARANTİ PORTFÖY EMTİA SERBEST FON,TEFAS
GZG,GARANTİ PORTFÖY SAĞLIK SEKTÖRÜ DEĞİŞKEN FON,TEFAS
GZH,GARANTİ PORTFÖY TEMİZ ENERJİ DEĞİŞKEN FON,TEFAS
GZJ,GARANTİ PORTFÖY İKİNCİ FON SEPETİ FONU,TEFAS
GZL,GARANTİ PORTFÖY TARIM VE GIDA SEKTÖRÜ DEĞİŞKEN FON,TEFAS
GZM,GLOBAL MD PORTFÖY DİNAMİK SERBEST (TL) FON,TEFAS
GZN,GLOBAL MD PORTFÖY BOĞAZİÇİ SERBEST FON,TEFAS
GZP,GARANTİ PORTFÖY BİRİNCİ FON SEPETİ FONU,TEFAS
GZR,GARANTİ PORTFÖY SÜRDÜRÜLEBİLİRLİK HİSSE SENEDİ FONU (HİSSE SENEDİ YOĞUN FON),TEFAS
GZV,GARANTİ PORTFÖY ESG SÜRDÜRÜLEBİLİRLİK FON SEPETİ FONU,TEFAS
GZY,GARANTİ PORTFÖY TURİZM VE SEYAHAT SEKTÖRÜ DEĞİŞKEN FON,TEFAS
GZZ,GARANTİ PORTFÖY FİNANS SEKTÖRÜ DEĞİŞKEN FON,TEFAS
HAM,HEDEF PORTFÖY ALTIN KATILIM FONU,TEFAS
HAR,BV PORTFÖY HARMONY SERBEST FON,TEFAS
HAT,HEDEF PORTFÖY ATLAS İSTATİSTİKSEL ARBİTRAJ HİSSE SENEDİ SERBEST FON (HİSSE SENEDİ YOĞUN FON),TEFAS
HBF,HSBC PORTFÖY ALTIN FONU,TEFAS
HBN,HSBC PORTFÖY BİRİNCİ FON SEPETİ FONU,TEFAS
HBU,HSBC PORTFÖY BİST 30 ENDEKSİ HİSSE SENEDİ FONU (HİSSE SENEDİ YOĞUN FON),TEFAS
HDA,HEDEF PORTFÖY DÖRDÜNCÜ İSTATİSTİKSEL ARBİTRAJ HİSSE SENEDİ SERBEST (TL) FON (HİSSE SENEDİ YOĞUN FON),TEFAS
HDK,HEDEF PORTFÖY VEGA İSTATİSTİKSEL ARBİTRAJ HİSSE SENEDİ SERBEST FON (HİSSE SENEDİ YOĞUN FON),TEFAS
HEH,HEDEF PORTFÖY ALGO EVEREST İSTATİSTİKSEL ARBİTRAJ HİSSE SENEDİ SERBEST FON (HİSSE SENEDİ YOĞUN FON),TEFAS
HFI,HEDEF PORTFÖY İKİNCİ KATILIM HİSSE SENEDİ SERBEST FON (HİSSE SENEDİ YOĞUN FON),TEFAS
HFR,A1 CAPİTAL PORTFÖY HİSSE SENEDİ (TL) FONU (HİSSE SENEDİ YOĞUN FON),TEFAS
HGM,HEDEF PORTFÖY İKİNCİ HİSSE SENEDİ (TL) FONU (HİSSE SENEDİ YOĞUN FON),TEFAS
HGR,HEDEF PORTFÖY ALGORİTMİK STRATEJİLER SERBEST FON,TEFAS
HGV,HEDEF PORTFÖY BİRİNCİ SERBEST FON,TEFAS
HIA,HEDEF PORTFÖY İSTATİSTİKSEL ARBİTRAJ SERBEST FON,TEFAS
HIH,GARANTİ  PORTFÖY HOLDİNGLER VE İŞTİRAKLERİ HİSSE SENEDİ (TL) FONU (HİSSE SENEDİ YOĞUN FON),TEFAS
HIM,HEDEF PORTFÖY İKİNCİ MUTLAK GETİRİ HEDEFLİ HİSSE SENEDİ SERBEST FON (HİSSE SENEDİ YOĞUN FON),TEFAS
HIZ,AZİMUT PORTFÖY DİNAMİK DEĞİŞKEN FON,TEFAS
HJB,HEDEF PORTFÖY BİRİNCİ DEĞİŞKEN FON,TEFAS
HKG,ZİRAAT PORTFÖY HALK'IN ÜRETEN KADINLARI DEĞİŞKEN FON,TEFAS
HKH,HEDEF PORTFÖY KATILIM HİSSE SENEDİ (TL) FONU (HİSSE SENEDİ YOĞUN FON),TEFAS
HKJ,HEDEF PORTFÖY PARA PİYASASI SERBEST FON,TEFAS
HKM,HEDEF PORTFÖY BAŞAK HİSSE SENEDİ SERBEST (TL) FON (HİSSE SENEDİ YOĞUN FON),TEFAS
HKR,HSBC PORTFÖY KIRMIZI HİSSE SENEDİ SERBEST (TL) FON (HİSSE SENEDİ YOĞUN FON),TEFAS
HMC,HEDEF PORTFÖY EKİNOKS SERBEST (TL) FON,TEFAS
HMG,HSBC PYŞ MUTLAK GETİRİ HEDEFLİ HİSSE SENEDİ SERBEST (TL) FON(HİSSE SENEDİ YOĞUN FON),TEFAS
HML,HEDEF PORTFÖY KATILIM SERBEST (DÖVİZ) FON,TEFAS
HMS,HSBC PORTFÖY SÜRDÜRÜLEBİLİRLİK HİSSE SENEDİ (TL) FONU (HİSSE SENEDİ YOĞUN FON),TEFAS
HNC,HEDEF PORTFÖY ÜÇÜNCÜ HİSSE SENEDİ FONU (HİSSE SENEDİ YOĞUN FON),TEFAS
HOA,HSBC PORTFÖY TEKNOLOJİ DEĞİŞKEN FON,TEFAS
HOY,HSBC PORTFÖY YABANCI BYF FON SEPETI,TEFAS
HP3,HEDEF PORTFÖY LİDYA SERBEST (DÖVİZ) FON,TEFAS
HPD,HSBC PORTFÖY İKİNCİ DEĞİŞKEN FON,TEFAS
HPH,HEDEF PORTFÖY PARA PIYASASI KATILIM FONU,TEFAS
HPO,HSBC PORTFÖY ÇOKLU VARLIK BİRİNCİ DEĞİŞKEN FON,TEFAS
HPT,HSBC PORTFÖY KISA VADELİ BORÇLANMA ARAÇLARI (TL) FONU,TEFAS
HRZ,AKTİF PORTFÖY BIST HALKA ARZ ŞİRKETLERİ HİSSE SENEDİ (TL) FONU (HİSSE SENEDİ YOĞUN FON),TEFAS
HSA,HSBC PORTFÖY DEĞİŞKEN (TL) FON,TEFAS
HSL,HSBC PORTFÖY PARA PİYASASI (TL) FONU,TEFAS
HST,HSBC PORTFÖY  BORÇLANMA ARAÇLARI (TL) FONU,TEFAS
HTF,HSBC PORTFÖY PARA PİYASASI SERBEST (TL) FON,TEFAS
HTJ,HEDEF PORTFÖY TEKNOLOJİ DEĞİŞKEN FON,TEFAS
HTS,HSBC PORTFÖY ALTINCI SERBEST (DÖVİZ) FON,TEFAS
HVI,DENİZ PORTFÖY HOLDİNGLER VE İŞTİRAKLERİ HİSSE SENEDİ (TL) FONU (HİSSE SENEDİ YOĞUN FON),TEFAS
HVK,HEDEF PORTFÖY BİRİNCİ BORÇLANMA ARAÇLARI (TL) FONU,TEFAS
HVS,HSBC PORTFÖY HİSSE SENEDİ (TL) FONU (HİSSE SENEDİ YOĞUN FON),TEFAS
HVT,ALLBATROSS PORTFÖY BİRİNCİ PARA PİYASASI (TL) FONU,TEFAS
HVU,ALLBATROSS PORTFÖY BİRİNCİ DEĞİŞKEN FON,TEFAS
HVZ,ALLBATROSS PORTFÖY BİRİNCİ HİSSE SENEDİ (TL) FONU (HİSSE SENEDİ YOĞUN FON),TEFAS
HYP,AZİMUT PORTFÖY İVME SERBEST FON,TEFAS
HYU,HSBC PORTFÖY KISA VADELİ SERBEST (TL) FON,TEFAS
HYV,HEDEF PORTFÖY PARA PİYASASI (TL) FONU,TEFAS
IAE,İSTANBUL PORTFÖY AGRESİF DEĞİŞKEN FON,TEFAS
IAM,İŞ PORTFÖY AGRESİF FON SEPETİ FONU,TEFAS
IAT,İŞ PORTFÖY KİRA SERTİFİKALARI KATILIM (TL) FONU,TEFAS
IAU,PARDUS PORTFÖY İKİNCİ İSTATİSTİKSEL ARBİTRAJ HİSSE SENEDİ SERBEST (TL) FON (HİSSE SENEDİ YOĞUN FON),TEFAS
IAY,INVEO PORTFÖY ALTIN KATILIM FONU,TEFAS
IBB,İŞ PORTFÖY ATAK DEĞİŞKEN FON,TEFAS
ICA,ICBC TURKEY PORTFÖY ALTIN FONU,TEFAS
ICC,ICBC TURKEY PORTFÖY İKİNCİ DEĞİŞKEN FON,TEFAS
ICD,ICBC TURKEY PORTFÖY BİRİNCİ DEĞİŞKEN FON,TEFAS
ICE,ICBC TURKEY PORTFOY PARA PİYASASI (TL) FONU,TEFAS
ICF,ICBC TURKEY PORTFÖY HİSSE SENEDİ FONU(HİSSE SENEDİ YOĞUN FON),TEFAS
ICH,PARDUS PORTFÖY İKİNCİ DEĞİŞKEN FON,TEFAS
ICS,ICBC TURKEY PORTFÖY SERBEST (DÖVİZ) FON,TEFAS
ICV,ICBC TURKEY PORTFÖY BİRİNCİ SERBEST FON,TEFAS
ICZ,AK PORTFÖY TEKNOLOJİ ŞİRKETLERİ HİSSE SENEDİ (TL) FONU (HİSSE SENEDİ YOĞUN FON),TEFAS
IDD,LOGOS PORTFÖY DİNAMİK DAĞIMLI SERBEST FON,TEFAS
IDF,İŞ PORTFÖY SERBEST (DÖVİZ) FON,TEFAS
IDH,İŞ PORTFÖY BIST 100 DIŞI ŞİRKETLER HİSSE SENEDİ (TL) FONU (HİSSE SENEDİ YOĞUN FON),TEFAS
IDI,AZİMUT PORTFÖY İNŞAAT SEKTÖRÜ HİSSE SENEDİ FONU (HİSSE SENEDİ YOĞUN FON),TEFAS
IDL,AKTİF PORTFÖY PARA PİYASASI (TL) FONU,TEFAS
IDO,İŞ PORTFÖY ONDOKUZUNCU SERBEST (DÖVİZ-AVRO) FON,TEFAS
IDY,TEB PORTFÖY İKİNCİ DEĞİŞKEN FON,TEFAS
IEN,İSTANBUL PORTFÖY İNŞAAT SEKTÖRÜ HİSSE SENEDİ SERBEST (TL) FON (HİSSE SENEDİ YOĞUN FON),TEFAS
IEV,İŞ PORTFÖY TAŞIMACILIK DEĞİŞKEN FON,TEFAS
IFN,ICBC TURKEY PORTFÖY SÜRDÜRÜLEBİLİRLİK HİSSE SENEDİ FONU(HİSSE SENEDİ YOĞUN FON),TEFAS
IFV,ICBC TURKEY PORTFÖY BİRİNCİ KISA VADELİ BORÇLANMA ARAÇLARI (TL) FONU,TEFAS
IHA,ALLBATROSS PORTFÖY İKİNCİ HİSSE SENEDİ (TL) FONU (HİSSE SENEDİ YOĞUN FON),TEFAS
IHC,INVEO PORTFÖY INTER SERBEST FON,TEFAS
IHK,İŞ PORTFÖY İŞ'TE KADIN HİSSE SENEDİ (TL) FONU (HİSSE SENEDİ YOĞUN FON),TEFAS
IHP,İSTANBUL PORTFÖY İKİNCİ HİSSE SENEDİ SERBEST (TL) FON (HİSSE SENEDİ YOĞUN FON),TEFAS
IHT,İŞ PORTFÖY İHRACATÇI ŞİRKETLER HİSSE SENEDİ (TL) FONU (HİSSE SENEDİ YOĞUN FON),TEFAS
IHZ,ALLBATROSS PORTFÖY İKİNCİ HİSSE SENEDİ SERBEST FON (HİSSE SENEDİ YOĞUN FON),TEFAS
IIE,İSTANBUL PORTFÖY ONDÖRDÜNCÜ SERBEST FON,TEFAS
IIH,İSTANBUL PORTFÖY ÜÇÜNCÜ HİSSE SENEDİ FONU (HİSSE SENEDİ YOĞUN FON),TEFAS
IIN,INVEO PORTFÖY PARA PİYASASI SERBEST (TL) FON,TEFAS
IJA,INVEO PORTFÖY ATAK DEĞİŞKEN FON,TEFAS
IJB,İŞ PORTFÖY DİJİTAL OYUN SEKTÖRÜ KARMA FON,TEFAS
IJC,İŞ PORTFÖY YARI İLETKEN TEKNOLOJİLERİ DEĞİŞKEN FON,TEFAS
IJH,ICBC TURKEY PORTFÖY BİRİNCİ FON SEPETİ FONU,TEFAS
IJP,İŞ PORTFÖY BLOCKCHAİN TEKNOLOJİLERİ KARMA FON,TEFAS
IJT,İŞ PORTFÖY TARIM SERBEST FON,TEFAS
IJV,İSTANBUL PORTFÖY BİRİNCİ PARA PİYASASI (TL) FONU,TEFAS
IJZ,İŞ PORTFÖY SİBER GÜVENLİK TEKNOLOJİLERİ DEĞİŞKEN FON,TEFAS
IKL,İŞ PORTFÖY SAĞLIK ŞİRKETLERİ KARMA FON,TEFAS
IKP,İŞ PORTFÖY YENİLENEBİLİR ENERJİ KARMA FON,TEFAS
IKV,İŞ PORTFÖY İKİNCİ KISA VADELİ BORÇLANMA ARAÇLARI (TL) FONU,TEFAS
ILZ,İŞ PORTFÖY TEMKİNLİ FON SEPETİ FONU,TEFAS
IMB,İSTANBUL PORTFÖY ALGORİTMİK MODEL HİSSE SENEDİ FONU (HİSSE SENEDİ YOĞUN FON),TEFAS
IMF,İSTANBUL PORTFÖY MAESTRO SERBEST FON,TEFAS
IML,İŞ PORTFÖY MODEL PORTFÖY HİSSE SENEDİ (TL) FONU (HİSSE SENEDİ YOĞUN FON),TEFAS
IOG,İŞ PORTFÖY GÜMÜŞ SERBEST FON,TEFAS
IOO,İŞ PORTFÖY İKİNCİ PARA PİYASASI (TL) FONU,TEFAS
IPB,İSTANBUL PORTFÖY BİRİNCİ DEĞİŞKEN FON,TEFAS
IPG,İŞ PORTFÖY ATAK FON SEPETİ FONU,TEFAS
IPJ,İŞ PORTFÖY ELEKTRİKLİ ARAÇLAR KARMA FON,TEFAS
IPV,İŞ PORTFÖY EUROBOND BORÇLANMA ARAÇLARI (DÖVİZ) FONU,TEFAS
IRF,İSTANBUL PORTFÖY BİRİNCİ FON SEPETİ FONU,TEFAS
IRO,İSTANBUL PORTFÖY ROBOTİK TEKNOLOJİLERİ SERBEST FON,TEFAS
IRT,INVEO PORTFÖY TEKNOLOJİ DEĞİŞKEN FON,TEFAS
IRV,İSTANBUL PORTFÖY İSTATİSTİKSEL ARBİTRAJ SERBEST FON,TEFAS
IRY,INVEO PORTFÖY PARA PİYASASI (TL) FONU,TEFAS
IST,İSTANBUL PORTFÖY KISA VADELİ BORÇLANMA ARAÇLARI (TL) FONU,TEFAS
ITP,İŞ PORTFÖY TEKNOLOJİ KARMA FON,TEFAS
IUF,İŞ PORTFÖY YEDİNCİ SERBEST (DÖVİZ-AVRO) FON,TEFAS
IUH,INVEO PORTFÖY DÖNÜŞTÜRÜCÜ TEKNOLOJİLER FON SEPETİ FONU,TEFAS
IUV,İŞ PORTFÖY BEŞİNCİ SERBEST (DÖVİZ)  FON,TEFAS
IV8,INVEO PORTFÖY KİRA SERTİFİKALARI KATILIM FONU,TEFAS
IVF,İSTANBUL PORTFÖY KATILIM HİSSE SENEDİ (TL) FONU (HİSSE SENEDİ YOĞUN FON),TEFAS
IVY,İSTANBUL PORTFÖY BLOCKCHAIN TEKNOLOJİLERİ DEĞİŞKEN FON,TEFAS
IYB,AURA PORTFÖY DEĞİŞKEN FONU,TEFAS
IZB,İSTANBUL PORTFÖY BİRİNCİ FON SEPETİ SERBEST FON,TEFAS
IZS,İSTANBUL PORTFÖY ALTINCI SERBEST FON,TEFAS
JET,ATA PORTFÖY HAVACILIK VE SAVUNMA TEKNOLOJİLERİ DEĞİŞKEN FON,TEFAS
JUP,AURA PORTFÖY JÜPİTER SERBEST (DÖVİZ) FON,TEFAS
KAV,KUVEYT TÜRK PORTFÖY ALTINCI KATILIM SERBEST (DÖVİZ-AVRO) FON,TEFAS
KCL,KARE PORTFÖY ÇOKLU VARLIK KATILIM FONU,TEFAS
KCV,KUVEYT TÜRK PORTFÖY ÇOKLU VARLIK KATILIM FONU,TEFAS
KDE,KUVEYT TÜRK PORTFÖY DENGELİ KATILIM FONU,TEFAS
KDL,KUVEYT TÜRK PORTFÖY BEŞİNCİ KATILIM SERBEST (DÖVİZ) FON,TEFAS
KDO,İŞ PORTFÖY KATILIM SERBEST (DÖVİZ-AVRO) FON,TEFAS
KDT,GARANTİ PORTFÖY KATILIM SERBEST (DÖVİZ) FON,TEFAS
KGM,KUVEYT TÜRK PORTFÖY GÜMÜŞ KATILIM FON SEPETİ FONU,TEFAS
KH1,AK PORTFÖY KATILIM HİSSE SENEDİ FONU (HİSSE SENEDİ YOĞUN FON),TEFAS
KHA,PARDUS PORTFÖY İKİNCİ HİSSE SENEDİ (TL) FONU (HİSSE SENEDİ YOĞUN FON),TEFAS
KHB,KARE PORTFÖY BIST 100 DIŞI ŞİRKETLER HİSSE SENEDİ FONU (HİSSE SENEDİ YOĞUN FON),TEFAS
KHC,PARDUS PORTFÖY KATILIM HİSSE SENEDİ (TL) FONU (HİSSE SENEDİ YOĞUN FON),TEFAS
KHJ,ATLAS PORTFÖY KATILIM HİSSE SENEDİ FONU (HİSSE SENEDİ YOĞUN FON),TEFAS
KHT,ALLBATROSS PORTFÖY KARTAL HİSSE SENEDİ SERBEST (TL) FON (HİSSE SENEDİ YOĞUN FON),TEFAS
KIA,TRIVE PORTFÖY MUTLAK GETİRİ HEDEFLİ DEĞİŞKEN FON,TEFAS
KIB,TRIVE PORTFÖY ROBOTİK TEKNOLOJİLERİ DEĞİŞKEN FON,TEFAS
KIE,TRIVE PORTFÖY PARA PİYASASI (TL) FONU,TEFAS
KIH,KARE PORTFÖY İSTATİSTİKSEL ARBİTRAJ HİSSE SENEDİ SERBEST FON (HİSSE SENEDİ YOĞUN FON),TEFAS
KIK,KUVEYT TÜRK PORTFÖY İKİNCİ KATILIM FONU,TEFAS
KIS,QİNVEST PORTFÖY KİRA SERTİFİKASI KATILIM (DÖVİZ) FONU,TEFAS
KKC,KARE PORTFÖY KATILIM SERBEST (DÖVİZ-AVRO) FON,TEFAS
KKH,İŞ PORTFÖY DENGELİ FON SEPETİ FONU,TEFAS
KKL,ALLBATROSS PORTFÖY KISA VADELİ KATILIM SERBEST (TL) FON,TEFAS
KLH,ATLAS PORTFÖY KATILIM HİSSE SENEDİ SERBEST FON (HİSSE SENEDİ YOĞUN FON),TEFAS
KLS,ALLBATROSS PORTFÖY KATILIM SERBEST (DÖVİZ) FON,TEFAS
KLU,KUVEYT TÜRK PORTFÖY PARA PİYASASI KATILIM (TL) FONU,TEFAS
KME,KUVEYT TÜRK PORTFÖY TEMKİNLİ KATILIM FONU,TEFAS
KMF,AZİMUT PORTFÖY ALTIN KATILIM FONU,TEFAS
KNI,AZİMUT PORTFÖY İKİNCİ PARA PİYASASI SERBEST (TL) FON,TEFAS
KNJ,KUVEYT TÜRK PORTFÖY ENERJİ KATILIM FONU,TEFAS
KOT,AZİMUT PORTFÖY KOÇ TOPLULUĞU ŞİRKETLERİ HİSSE SENEDİ FONU (HİSSE SENEDİ YOĞUN FON),TEFAS
KP3,KARE PORTFÖY ÜÇÜNCÜ SERBEST (DÖVİZ) FON,TEFAS
KPA,KUVEYT TÜRK PORTFÖY KAR PAYI ÖDEYEN KATILIM HİSSE SENEDİ FONU (HİSSE SENEDİ YOĞUN FON),TEFAS
KPC,KUVEYT TÜRK PORTFÖY KATILIM HİSSE SENEDİ (TL) FONU (HİSSE SENEDİ YOĞUN FON),TEFAS
KPD,KUVEYT TÜRK PORTFÖY KAR PAYI ÖDEYEN KATILIM SERBEST (DÖVİZ) FON,TEFAS
KPF,NEO PORTFÖY MUTLAK GETİRİ HEDEFLİ HİSSE SENEDİ SERBEST FON (HİSSE SENEDİ YOĞUN FON),TEFAS
KPH,İŞ PORTFÖY KAR PAYI ÖDEYEN HİSSE SENEDİ (TL) FONU (HİSSE SENEDİ YOĞUN FON),TEFAS
KPI,İŞ PORTFÖY PARA PİYASASI KATILIM (TL) FONU,TEFAS
KPP,KARE PORTFÖY PARA PİYASASI FONU,TEFAS
KPU,KUVEYT TÜRK PORTFÖY İKİNCİ KATILIM HİSSE SENEDİ (TL) FONU (HİSSE SENEDİ YOĞUN FON),TEFAS
KRC,KARE PORTFÖY BİRİNCİ BORÇLANMA ARAÇLARI FONU,TEFAS
KRF,KARE PORTFÖY BİRİNCİ DEĞİŞKEN FON,TEFAS
KRS,KARE PORTFÖY SERBEST (DÖVİZ) FON,TEFAS
KRT,KARE PORTFÖY TÜRKİYE ODAKLI SERBEST (DÖVİZ ) FON,TEFAS
KSA,HEDEF PORTFÖY KISA VADELİ SERBEST (TL) FON,TEFAS
KSK,AZİMUT PORTFÖY İKİNCİ PARA PİYASASI KATILIM FONU,TEFAS
KSR,KUVEYT TÜRK PORTFÖY SÜRDÜRÜLEBİLİRLİK KATILIM FONU,TEFAS
KST,ALLBATROSS PORTFÖY KATILIM HİSSE SENEDİ (TL) FONU (HİSSE SENEDİ YOĞUN FON),TEFAS
KSV,KUVEYT TÜRK PORTFÖY KISA VADELİ KATILIM SERBEST (TL) FON,TEFAS
KTI,AZİMUT PORTFÖY KATILIM HİSSE SENEDİ FONU (HİSSE SENEDİ YOĞUN FON),TEFAS
KTJ,KUVEYT TÜRK PORTFÖY TEKNOLOJİ KATILIM FONU,TEFAS
KTM,KUVEYT TÜRK PORTFÖY BİRİNCİ KATILIM (TL) FONU,TEFAS
KTN,KUVEYT TÜRK PORTFÖY KİRA SERTİFİKALARI KATILIM (TL) FONU,TEFAS
KTR,KUVEYT TÜRK PORTFÖY BİRİNCİ KATILIM SERBEST (TL) FON,TEFAS
KTS,KUVEYT TÜRK PORTFÖY KATILIM HİSSE SENEDİ SERBEST FON (HİSSE SENEDİ YOĞUN FON),TEFAS
KTT,KUVEYT TÜRK PORTFÖY DÖRDÜNCÜ KATILIM SERBEST (DÖVİZ) FON,TEFAS
KTV,KUVEYT TÜRK PORTFÖY KISA VADELİ KİRA SERTİFİKALARI KATILIM (TL) FONU,TEFAS
KUA,KUVEYT TÜRK PORTFÖY AGRESİF KATILIM FONU,TEFAS
KUB,KARE PORTFÖY DEĞİŞKEN  (DÖVİZ) FONU,TEFAS
KUD,KUVEYT TÜRK PORTFÖY DİNAMİK KATILIM FONU,TEFAS
KUT,KUVEYT TÜRK PORTFÖY KIYMETLİ MADENLER KATILIM FONU,TEFAS
KVK,HEDEF PORTFÖY KATILIM İSTATİSTİKSEL ARBİTRAJ SERBEST FON,TEFAS
KVS,AZİMUT PORTFÖY KISA VADELİ SERBEST (TL) FON,TEFAS
KVT,AK PORTFÖY ENERJİ ŞİRKETLERİ HİSSE SENEDİ (TL) FONU (HİSSE SENEDİ YOĞUN FON),TEFAS
KYA,KARE PORTFÖY HİSSE SENEDİ FONU(HİSSE SENEDİ YOĞUN FON),TEFAS
KYS,KARE PORTFÖY YEDİNCİ SERBEST (DÖVİZ) FON,TEFAS
KZL,KUVEYT TÜRK PORTFÖY ALTIN KATILIM FONU,TEFAS
KZU,KUVEYT TÜRK PORTFÖY İKİNCİ ALTIN KATILIM FONU,TEFAS
LID,ALLBATROSS PORTFÖY İKİNCİ DEĞİŞKEN FON,TEFAS
LLA,ALLBATROSS PORTFÖY AYDIN HİSSE SENEDİ SERBEST (TL) FON (HİSSE SENEDİ YOĞUN FON),TEFAS
LPH,STATECH PORTFÖY İKİNCİ ALPHA SERBEST FON,TEFAS
MAC,MARMARA CAPITAL PORTFÖY HİSSE SENEDİ (TL) FONU (HİSSE SENEDİ YOĞUN FON),TEFAS
MAD,MEKSA PORTFÖY BİRİNCİ DEĞİŞKEN FON,TEFAS
MBL,MEKSA PORTFÖY İKİNCİ DEĞİŞKEN FON,TEFAS
MBR,MT PORTFÖY BİRİNCİ BORÇLANMA ARAÇLARI FONU,TEFAS
MCU,AZİMUT PORTFÖY MUTLAK GETİRİ HEDEFLİ HİSSE SENEDİ SERBEST FON (HİSSE SENEDİ YOĞUN FON),TEFAS
MD1,MT PORTFÖY BİRİNCİ DEĞİŞKEN FON,TEFAS
MD2,MT PORTFÖY İKİNCİ DEĞİŞKEN FON,TEFAS
MDF,FİBA PORTFÖY MODEL EMTİA FON SEPETİ SERBEST FON,TEFAS
MET,GARANTİ PORTFÖY METAVERSE VE YENİ TEKNOLOJİLER DEĞİŞKEN FON,TEFAS
MGB,İŞ PORTFÖY MUTLAK GETİRİ HEDEFLİ HİSSE SENEDİ SERBEST FON (HİSSE SENEDİ YOĞUN FON),TEFAS
MGH,TEB PORTFÖY MUTLAK GETİRİ HEDEFLİ HİSSE SENEDİ SERBEST FON (HİSSE SENEDİ YOĞUN FON),TEFAS
MHF,MT PORTFÖY BIST HALKA ARZ ŞİRKETLERİ HİSSE SENEDİ FONU (HİSSE SENEDİ YOĞUN FON),TEFAS
MJB,AKTİF PORTFÖY BİRİNCİ FON SEPETİ FONU,TEFAS
MJG,AKTİF PORTFÖY GÜMÜŞ FON SEPETİ FONU,TEFAS
MJL,AKTİF PORTFÖY AKTİF SERBEST (DÖVİZ-AVRO) FON,TEFAS
MKA,MARMARA CAPİTAL PORTFÖY KATILIM HİSSE SENEDİ (TL) FONU (HİSSE SENEDİ YOĞUN FON),TEFAS
MKG,AKTİF PORTFÖY ALTIN KATILIM FONU,TEFAS
MLT,DENİZ PORTFÖY MELTEM HİSSE SENEDİ SERBEST (TL) FON (HİSSE SENEDİ YOĞUN FON),TEFAS
MMH,AKTİF PORTFÖY BIST 30 ENDEKSİ HİSSE SENEDİ (TL) FONU (HİSSE SENEDİ YOĞUN FON),TEFAS
MOZ,EMAA BLUE PORTFÖY MOZAİK SERBEST FON,TEFAS
MPE,MT PORTFÖY PARA PİYASASI KATILIM (TL) FONU,TEFAS
MPF,AKTİF PORTFÖY KISA VADELİ KİRA SERTİFİKASI KATILIM (TL) FONU,TEFAS
MPK,AKTİF PORTFÖY KİRA SERTİFİKASI KATILIM (TL) FONU,TEFAS
MPL,MT PORTFÖY PARA PİYASASI (TL) FONU,TEFAS
MPN,AKTİF PORTFÖY İKİNCİ AKTİF SERBEST (DÖVİZ) FON,TEFAS
MPP,MEKSA PORTFÖY PRİME SERBEST FON,TEFAS
MPS,AKTİF PORTFÖY KATILIM HİSSE SENEDİ (TL) FONU (HİSSE SENEDİ YOĞUN FON),TEFAS
MRI,TEB PORTFÖY MERİDYEN SERBEST FON,TEFAS
MT1,MT PORTFÖY BİRİNCİ SERBEST (DÖVİZ) FON,TEFAS
MT2,MT PORTFÖY PARA PİYASASI SERBEST (TL) FON,TEFAS
MTD,BV PORTFÖY MALZEME TEKNOLOJİLERİ DEĞİŞKEN FON,TEFAS
MTF,MT PORTFÖY BİRİNCİ İSTATİSTİKSEL ARBİTRAJ HİSSE SENEDİ SERBEST (TL) FON (HİSSE SENEDİ YOĞUN FON),TEFAS
MTG,DENİZ PORTFÖY MUTLAK GETİRİ HEDEFLİ HİSSE SENEDİ SERBEST FON (HİSSE SENEDİ YOGUN FON),TEFAS
MTH,MT PORTFÖY BİRİNCİ HİSSE SENEDİ FONU (HİSSE SENEDİ YOĞUN FON),TEFAS
MTK,MT PORTFÖY KATILIM HİSSE SENEDİ (TL) FONU (HİSSE SENEDİ YOĞUN FON),TEFAS
MTS,AKTİF PORTFÖY TARIM VE SÜRDÜRÜLEBİLİRLİK FON SEPETİ FONU,TEFAS
MTV,AK PORTFÖY METAVERSE VE DİJİTAL YAŞAM TEKNOLOJİLERİ DEĞİŞKEN FON,TEFAS
MTX,TEB PORTFÖY METAVERSE VE DİJİTAL TEKNOLOJİLER DEĞİŞKEN FON,TEFAS
MUT,GARANTİ PORTFÖY MUTLAK GETİRİ HEDEFLİ HİSSE SENEDİ SERBEST FON (HİSSE SENEDİ YOĞUN FON),TEFAS
NAU,NEO PORTFÖY ALTIN FONU,TEFAS
NBO,NEO PORTFÖY BORÇLANMA ARACI FONLARI FON SEPETİ FONU,TEFAS
NBZ,NEO PORTFÖY BİRİNCİ SERBEST (DÖVİZ) FON,TEFAS
NCS,NUROL PORTFÖY ÜÇÜNCÜ SERBEST (DÖVİZ) FON,TEFAS
NFF,NEO PORTFÖY FON SEPETİ SERBEST FON,TEFAS
NHP,NEO PORTFÖY BİRİNCİ FON SEPETİ FONU,TEFAS
NHY,NEO PORTFÖY BİRİNCİ HİSSE SENEDİ (TL) FONU (HİSSE SENEDİ YOĞUN FON),TEFAS
NJF,NUROL PORTFÖY ALTIN KATILIM FONU,TEFAS
NJR,NUROL PORTFÖY BİRİNCİ BORÇLANMA ARAÇLARI FONU,TEFAS
NJY,NUROL PORTFÖY BİRİNCİ KATILIM FONU,TEFAS
NKA,NEO PORTFÖY KATILIM SERBEST (DÖVİZ) FON,TEFAS
NKC,NEO PORTFÖY İKİNCİ HİSSE SENEDİ FONU (HİSSE SENEDİ YOĞUN FON),TEFAS
NKP,NEO PORTFÖY KAR PAYI ÖDEYEN DEĞİŞKEN FON,TEFAS
NLE,NUROL PORTFÖY EMLAK SEKTÖRÜ HİSSE SENEDİ FONU (HİSSE SENEDİ YOĞUN FON),TEFAS
NLK,NUROL PORTFÖY KISA VADELİ SERBEST FON,TEFAS
NME,NUROL PORTFÖY MERCAN KATILIM SERBEST (DÖVİZ) FON,TEFAS
NNF,HEDEF PORTFÖY BİRİNCİ HİSSE SENEDİ (TL) FONU (HİSSE SENEDİ YOĞUN FON),TEFAS
NOI,TACİRLER PORTFÖY NOVA İSTATİSTİKSEL ARBİTRAJ SERBEST FON,TEFAS
NPH,NUROL PORTFÖY BİRİNCİ HİSSE SENEDİ FONU (HİSSE SENEDİ YOĞUN FON),TEFAS
NRC,NEO PORTFÖY BİRİNCİ DEĞİŞKEN FON,TEFAS
NRG,NEO PORTFÖY BİRİNCİ PARA PİYASASI FONU,TEFAS
NSA,NEO PORTFÖY PARA PİYASASI KATILIM SERBEST FON,TEFAS
NSD,NUROL PORTFÖY DÖRDÜNCÜ SERBEST (DÖVİZ) FON,TEFAS
NSH,NUROL PORTFÖY İSTATİSTİKSEL ARBİTRAJ HİSSE SENEDİ SERBEST FON (HİSSE SENEDİ YOĞUN FON),TEFAS
NSK,NEO PORTFÖY BİRİNCİ SERBEST FON,TEFAS
NSP,NUROL PORTFÖY PARA PİYASASI KATILIM FONU,TEFAS
NST,İŞ PORTFÖY İNŞAAT SEKTÖRÜ HİSSE SENEDİ FONU (HİSSE SENEDİ YOĞUN FON),TEFAS
NTI,NEO PORTFÖY TEKNOLOJİ VE İNOVASYON DEĞİŞKEN FON,TEFAS
NUB,NUROL PORTFÖY BEŞİNCİ SERBEST (DÖVİZ) FON,TEFAS
NUH,NEO PORTFÖY ÜÇÜNCÜ HİSSE SENEDİ FONU (HİSSE SENEDİ YOĞUN FON),TEFAS
NVB,NEO PORTFÖY İKİNCİ PARA PİYASASI (TL) FON,TEFAS
NVC,NEO PORTFÖY VENTO SERBEST FON,TEFAS
NVK,INVEO PORTFÖY KATILIM SERBEST (DÖVİZ) FON,TEFAS
NVT,NEO PORTFÖY ÜÇÜNCÜ SERBEST (TL) FON,TEFAS
NVZ,NEO PORTFÖY ORSA SERBEST (DÖVİZ) FON,TEFAS
NZH,NEO PORTFÖY İKİNCİ DEĞİŞKEN FON,TEFAS
NZT,NEO PORTFÖY PARA PİYASASI SERBEST FON,TEFAS
NZU,NUROL PORTFÖY ZÜMRÜT KATILIM SERBEST (DÖVİZ) FON,TEFAS
OBI,OYAK PORTFÖY İKİNCİ BORÇLANMA ARAÇLARI (TL) FONU,TEFAS
OBP,OYAK PORTFÖY İKİNCİ DEĞİŞKEN FON,TEFAS
ODD,OYAK PORTFÖY DÖRDÜNCÜ SERBEST FON,TEFAS
ODP,OSMANLI PORTFÖY BİRİNCİ SERBEST FON,TEFAS
ODS,OYAK PORTFÖY İKİNCİ SERBEST(DÖVİZ) FON,TEFAS
ODV,AK PORTFÖY ÜÇÜNCÜ FON SEPETİ FONU,TEFAS
OFI,OYAK PORTFÖY İKİNCİ FON SEPETİ FONU,TEFAS
OFS,OYAK PORTFÖY BİRİNCİ FON SEPETİ FONU,TEFAS
OGD,OYAK PORTFÖY ALTIN KATILIM FONU,TEFAS
OHB,OYAK PORTFÖY BİRİNCİ HİSSE SENEDİ (TL) FONU (HİSSE SENEDİ YOĞUN FON),TEFAS
OHK,OYAK PORTFÖY KATILIM HİSSE SENEDİ (TL) FONU (HİSSE SENEDİ YOĞUN FON),TEFAS
OIL,OSMANLI PORTFÖY AGRESİF FON SEPETİ FONU,TEFAS
OIR,OSMANLI PORTFÖY DENGELİ FON SEPETİ FONU,TEFAS
OJB,QNB PORTFÖY BEŞİNCİ SERBEST (DÖVİZ) FON,TEFAS
OJK,QNB PORTFÖY ALTIN FONU,TEFAS
OJT,QNB PORTFÖY TEKNOLOJİ FON SEPETİ FONU,TEFAS
OKD,OYAK PORTFÖY BİRİNCİ DEĞİŞKEN FON,TEFAS
OKP,OYAK PORTFÖY BİRİNCİ KISA VADELİ BORÇLANMA ARAÇLARI (TL) FONU,TEFAS
OKT,OYAK PORTFÖY BİRİNCİ BORÇLANMA ARAÇLARI FONU,TEFAS
OLA,OSMANLI PORTFÖY İKİNCİ SERBEST (DÖVİZ- AVRO) FON,TEFAS
OLD,QNB PORTFÖY TEMİZ ENERJİ VE SU FON SEPETİ FONU,TEFAS
OLE,OSMANLI PORTFÖY BİRİNCİ FON SEPETİ FONU,TEFAS
OMG,AZİMUT PORTFÖY İKİNCİ HİSSE SENEDİ FONU (HİSSE SENEDİ YOĞUN FON),TEFAS
ONE,AKTİF PORTFÖY BİRİNCİ HİSSE SENEDİ SERBEST (TL) FON (HİSSE SENEDİ YOĞUN FON),TEFAS
ONK,AK PORTFÖY ONİKİNCİ SERBEST (DÖVİZ-AVRO) FON,TEFAS
ONN,AKTİF PORTFÖY AKTİF ONİKS SERBEST (TL) FON,TEFAS
ONS,İŞ PORTFÖY ONİKİNCİ SERBEST (DÖVİZ) FON,TEFAS
OPB,OSMANLI PORTFÖY BİRİNCİ DEĞİŞKEN FON,TEFAS
OPD,OSMANLI PORTFÖY ANKA SERBEST FON,TEFAS
OPF,OSMANLI PORTFÖY AGRESİF DEĞİŞKEN FON,TEFAS
OPH,OSMANLI PORTFÖY BİRİNCİ HİSSE SENEDİ FONU(HİSSE SENEDİ YOĞUN FON),TEFAS
OPI,OSMANLI PORTFÖY İKİNCİ HİSSE SENEDİ FONU(HİSSE SENEDİ YOĞUN FON),TEFAS
OPL,OSMANLI PORTFÖY İKİNCİ DEĞİŞKEN FON,TEFAS
ORC,QINVEST PORTFÖY ALFA SERBEST FON,TEFAS
OSD,OSMANLI PORTFÖY ÖZEL SEKTÖR BORÇLANMA ARAÇLARI FONU,TEFAS
OSL,OSMANLI PORTFÖY KISA VADELİ BORÇLANMA ARAÇLARI (TL) FONU,TEFAS
OTJ,OYAK PORTFÖY KIYMETLİ MADENLER FON SEPETİ FONU,TEFAS
OTK,OYAK PORTFÖY BİRİNCİ KATILIM SERBEST FON,TEFAS
OTM,AZİMUT PORTFÖY OTOMOTİV SEKTÖRÜ DEĞİŞKEN FON,TEFAS
OUD,OSMANLI PORTFÖY ATLANTİK SERBEST (DÖVİZ) FON,TEFAS
OVD,QNB PORTFÖY EMTİA FON SEPETİ FONU,TEFAS
P1A,A1 CAPİTAL PORTFÖY PARA PİYASASI (TL) SERBEST FON,TEFAS
PAB,A1 CAPİTAL PORTFÖY PARA PİYASASI (TL) FONU,TEFAS
PAF,PARDUS PORTFÖY ALTIN FONU,TEFAS
PAL,AK PORTFÖY ALTINCI SERBEST(DÖVİZ) FON,TEFAS
PAO,PARDUS PORTFÖY ANADOLU HİSSE SENEDİ SERBEST FON (HİSSE SENEDİ YOĞUN FON),TEFAS
PBI,PARDUS PORTFÖY BİRİNCİ FON SEPETİ FONU,TEFAS
PBK,QİNVEST PORTFÖY BİRİNCİ KATILIM SERBEST(DÖVİZ) FON,TEFAS
PBN,PİRAMİT PORTFÖY BİRİNCİ HİSSE SENEDİ SERBEST FON (HİSSE SENEDİ YOĞUN FON),TEFAS
PBR,PUSULA PORTFÖY BİRİNCİ DEĞİŞKEN FON,TEFAS
PCE,PARDUS PORTFÖY İNCİ SERBEST FON,TEFAS
PDD,QİNVEST PORTFÖY KATILIM FONU,TEFAS
PDF,QİNVEST PORTFÖY BİRİNCİ SERBEST (DÖVİZ) FON,TEFAS
PEA,PERFORM PORTFÖY ALTIN FONU,TEFAS
PFO,PHİLLİP PORTFÖY FON SEPETİ FONU,TEFAS
PFS,ATLAS PORTFÖY FON SEPETİ FONU,TEFAS
PGD,QİNVEST PORTFÖY AGRESİF DEĞİŞKEN FON,TEFAS
PGS,AZİMUT PORTFÖY PAY GERİ ALIMI YAPAN ŞİRKETLER HİSSE SENEDİ FONU (HİSSE SENEDİ YOĞUN FON),TEFAS
PHE,PUSULA PORTFÖY HİSSE SENEDİ FONU (HİSSE SENEDİ YOĞUN FON),TEFAS
PHI,PİRAMİT PORTFÖY HİSSE SENEDİ FONU (HİSSE SENEDİ YOĞUN FON),TEFAS
PHK,PHİLLİP PORTFÖY KATILIM HİSSE SENEDİ FONU (HİSSE SENEDİ YOĞUN FON),TEFAS
PID,PİRAMİT PORTFÖY DEĞİŞKEN FON,TEFAS
PIL,ROTA PORTFÖY PİL TEKNOLOJİLERİ VE ENERJİ FON SEPETİ FONU,TEFAS
PIP,GARANTİ PORTFÖY İKİNCİ PARA PİYASASI SERBEST (TL) FON,TEFAS
PIR,PİRAMİT PORTFÖY ALTIN FONU,TEFAS
PIS,PARDUS PORTFÖY İKİNCİ KISA VADELİ SERBEST (TL) FON,TEFAS
PJL,PHİLLİP PORTFÖY PARA PİYASASI FONU,TEFAS
PJP,PERFORM PORTFÖY BİRİNCİ SERBEST (DÖVİZ) FON,TEFAS
PKD,PUSULA PORTFÖY İKİNCİ DENGE KATILIM SERBEST FON,TEFAS
PKF,ATA PORTFÖY ALTIN KATILIM FONU,TEFAS
PKR,ROTA PORTFÖY PARA PİYASASI KATILIM FONU,TEFAS
PKT,YAPI KREDİ PORTFÖY PARA PİYASASI KATILIM SERBEST (TL) FON,TEFAS
PKV,PARDUS PORTFÖY KISA VADELİ SERBEST (TL) FON,TEFAS
PLR,OSMANLI PORTFÖY PARA PİYASASI FONU,TEFAS
PMP,PARDUS PORTFÖY MODEL PORTFÖY HİSSE SENEDİ SERBEST FON (HİSSE SENEDİ YOĞUN FON),TEFAS
POS,PARDUS PORTFÖY ONBEŞİNCİ HİSSE SENEDİ SERBEST (TL) FON (HİSSE SENEDİ YOĞUN FON),TEFAS
PP1,PARDUS PORTFÖY BİRİNCİ KATILIM FONU,TEFAS
PPB,PHİLLİP PORTFÖY BİRİNCİ HİSSE SENEDİ FONU (HİSSE SENEDİ YOĞUN FON),TEFAS
PPE,PHİLLİP PORTFÖY SERBEST (DÖVİZ) FON,TEFAS
PPG,ALBARAKA PORTFÖY PARA PİYASASI KATILIM FONU,TEFAS
PPH,PARDUS PORTFÖY BIST 100 DIŞI ŞİRKETLER HİSSE SENEDİ (TL) FONU (HİSSE SENEDİ YOĞUN FON),TEFAS
PPI,YAPI KREDİ PORTFÖY ÜÇÜNCÜ PARA PİYASASI (TL) FONU,TEFAS
PPJ,AK PORTFÖY İKİNCİ PARA PİYASASI SERBEST (TL) FON,TEFAS
PPK,QNB PORTFÖY PARA PİYASASI KATILIM (TL) FONU,TEFAS
PPM,PİRAMİT PORTFÖY MUTLAK GETİRİ HEDEFLİ HİSSE SENEDİ SERBEST FON (HİSSE SENEDİ YOĞUN FON),TEFAS
PPN,NUROL PORTFÖY PARA PİYASASI (TL) FONU,TEFAS
PPP,PERFORM PORTFÖY PARA PİYASASI (TL) FONU,TEFAS
PPS,PHİLLİP PORTFÖY BİRİNCİ SERBEST FON,TEFAS
PPT,ATLAS PORTFÖY PARA PİYASASI (TL) FONU,TEFAS
PPZ,AZİMUT PORTFÖY PARA PİYASASI (TL) FONU,TEFAS
PRD,PİRAMİT PORTFÖY PARA PİYASASI (TL) FONU,TEFAS
PRH,AURA PORTFÖY PARA PİYASASI (TL) FONU,TEFAS
PRR,INVEO PORTFÖY PARA PİYASASI KATILIM (TL) FONU,TEFAS
PRU,ALLBATROSS PORTFÖY KISA VADELİ SERBEST (TL) FON,TEFAS
PRV,QINVEST PORTFÖY PARA PİYASASI SERBEST FON,TEFAS
PRY,PUSULA PORTFÖY PARA PİYASASI (TL) FONU,TEFAS
PSE,ATLAS PORTFÖY PARA PİYASASI SERBEST FON,TEFAS
PSL,AZİMUT PORTFÖY 8.0 SERBEST FON,TEFAS
PTE,TEB PORTFÖY BİRİNCİ PARA PİYASASI SERBEST (TL) FON,TEFAS
PTF,QNB PORTFÖY TREND SERBEST FON,TEFAS
PTN,PHİLLİP PORTFÖY ALTIN FONU,TEFAS
PTO,PARDUS PORTFÖY TEMETTÜ ÖDEYEN ŞİRKETLER HİSSE SENEDİ FONU (HİSSE SENEDİ YOĞUN FON),TEFAS
PTS,QNB PORTFÖY PARA PİYASASI SERBEST (TL) FON,TEFAS
PUC,AK PORTFÖY BİRİNCİ KISA VADELİ SERBEST (TL)  FON,TEFAS
PVK,ALBARAKA PORTFÖY KISA VADELİ KATILIM SERBEST (TL) FON,TEFAS
PYR,PARDUS PORTFÖY YİRMİNCİ HİSSE SENEDİ SERBEST FON (HİSSE SENEDİ YOĞUN FON),TEFAS
RBA,ALBARAKA PORTFÖY BEREKET VAKFI NA DESTEK ALTIN KATILIM FONU,TEFAS
RBB,RE-PIE PORTFÖY BİRİNCİ BORÇLANMA ARAÇLARI (TL) FONU,TEFAS
RBF,ROTA PORTFÖY BİRİNCİ BORÇLANMA ARAÇLARI FONU,TEFAS
RBH,ALBARAKA PORTFÖY KATILIM HİSSE SENEDİ FONU (HİSSE SENEDİ YOĞUN FON),TEFAS
RBI,RE-PIE PORTFÖY BİRİNCİ SERBEST (DÖVİZ) FON,TEFAS
RBK,ALBARAKA PORTFÖY KATILIM FONU,TEFAS
RBL,QNB PORTFÖY ROBOTİK VE BLOCKCHAİN TEKNOLOJİLERİ SERBEST FON,TEFAS
RBN,RE-PIE PORTFÖY BEŞİNCİ HİSSE SENEDİ SERBEST (TL) FON (HİSSE SENEDİ YOĞUN FON),TEFAS
RBP,RE-PIE PORTFÖY BİRİNCİ PARA PİYASASI (TL) FONU,TEFAS
RBR,RE-PIE  PORTFÖY BİRİNCİ KATILIM SERBEST FON,TEFAS
RBT,ALBARAKA PORTFÖY KİRA SERTİFİKALARI  KATILIM FONU,TEFAS
RBV,ALBARAKA PORTFÖY KISA VADELİ KİRA SERTİFİKALARI KATILIM (TL) FONU,TEFAS
RCV,AZİMUT PORTFÖY BİRİNCİ ÇOKLU VARLIK KATILIM FONU,TEFAS
RD1,ROTA PORTFÖY BİRİNCİ DEĞİŞKEN FON,TEFAS
RDF,ROTA PORTFÖY DOKUZUNCU HİSSE SENEDİ SERBEST FON (HİSSE SENEDİ YOĞUN FON),TEFAS
RDT,PHİLLİP PORTFÖY RODOSTO SERBEST FON,TEFAS
RGH,RE-PIE PORTFÖY MUTLAK GETİRİ HEDEFLİ HİSSE SENEDİ SERBEST FON (HİSSE SENEDİ YOĞUN FON),TEFAS
RHI,RE-PIE PORTFÖY BİRİNCİ HİSSE SENEDİ (TL) FONU (HİSSE SENEDİ YOĞUN FON),TEFAS
RHS,ROTA PORTFÖY HİSSE SENEDİ (TL) FON (HİSSE SENEDİ YOĞUN FON),TEFAS
RIA,ROTA PORTFÖY İSTATİSTİKSEL ARBİTRAJ HİSSE SENEDİ SERBEST FON (HİSSE SENEDİ YOĞUN FON),TEFAS
RIH,RE-PIE PORTFÖY İKİNCİ HİSSE SENEDİ SERBEST FON (HİSSE SENEDİ YOĞUN FON),TEFAS
RIK,RE-PIE PORTFÖY İKİNCİ DEĞİŞKEN FON,TEFAS
RJG,RE-PIE PORTFÖY ALTIN KATILIM FONU,TEFAS
RKC,ROTA PORTFÖY İKİNCİ DEĞİŞKEN FON,TEFAS
RKH,RE-PIE PORTFÖY KATILIM HİSSE SENEDİ SERBEST (TL) FON (HİSSE SENEDİ YOĞUN FON),TEFAS
RKS,ROTA PORTFÖY KİRA SERTİFİKALARI KATILIM FONU,TEFAS
RKV,RE-PIE PORTFÖY KISA VADELİ KATILIM SERBEST (TL) FON,TEFAS
RPC,ROTA PORTFÖY İKLİM DEĞİŞİKLİĞİ ÇÖZÜMLERİ DEĞİŞKEN FON,TEFAS
RPD,RE-PIE PORTFÖY BİRİNCİ DEĞİŞKEN FON,TEFAS
RPG,ROTA PORTFÖY ALTIN FONU,TEFAS
RPI,ROTA PORTFÖY KATILIM HİSSE SENEDİ FONU (HİSSE SENEDİ YOĞUN FON),TEFAS
RPL,RE-PIE PORTFÖY ALGORİTMİK STRATEJİLER SERBEST FON,TEFAS
RPM,ROTA PORTFÖY İLAÇ VE MEDİKAL TEKNOLOJİLERİ DEĞİŞKEN FON,TEFAS
RPP,ROTA PORTFÖY PARA PİYASASI (TL) FONU,TEFAS
RPS,ROTA PORTFÖY BİRİNCİ SERBEST (DÖVİZ) FON,TEFAS
RPT,ROTA PORTFÖY İKİNCİ SERBEST (TL) FON,TEFAS
RPX,ROTA PORTFÖY ÜÇÜNCÜ SERBEST (DÖVİZ) FON,TEFAS
RRA,ROTA PORTFÖY PARA PİYASASI SERBEST FON,TEFAS
RRP,RE-PIE PORTFÖY PARA PİYASASI KATILIM (TL) FON,TEFAS
RS1,ROTA PORTFÖY BİRİNCİ KISA VADELİ SERBEST FON,TEFAS
RTD,RE-PIE PORTFÖY TEKNOLOJİ DEĞİŞKEN FON,TEFAS
RTG,ATA PORTFÖY ROBOTİK TEKNOLOJİLERİ DEĞİŞKEN FON,TEFAS
RTH,RE-PIE PORTFÖY BİRİNCİ HİSSE SENEDİ SERBEST FON (HİSSE SENEDİ YOĞUN FON),TEFAS
RTP,RE-PIE PORTFÖY BİRİNCİ SERBEST FON,TEFAS
RUT,BV PORTFÖY ROBOTİK VE UZAY TEKNOLOJİLERİ DEĞİŞKEN FON,TEFAS
SAS,AK PORTFÖY SABANCI TOPLULUĞU ŞİRKETLERİ ENDEKSİ HİSSE SENEDİ (TL) FONU (HİSSE SENEDİ YOĞUN FON),TEFAS
SBH,SPARTA PORTFÖY BİRİNCİ HİSSE SENEDİ SERBEST (TL) FON (HİSSE SENEDİ YOĞUN FON),TEFAS
SFS,AZİMUT PORTFÖY AGRESİF FON SEPETİ FONU,TEFAS
SGT,GARANTİ PORTFÖY SİBER GÜVENLİK TEKNOLOJİLERİ DEĞİŞKEN FON,TEFAS
SHE,TEB PORTFÖY ÖNCE KADIN DEĞİŞKEN FON,TEFAS
SKO,STRATEJİ PORTFÖY KAR PAYI ÖDEYEN HİSSE SENEDİ FONU (HİSSE SENEDİ YOĞUN FON),TEFAS
SLG,QNB PORTFÖY ALGORİTMİK STRATEJİLER HİSSE SENEDİ FONU (HİSSE SENEDİ YOĞUN FON),TEFAS
SNY,ATLAS PORTFÖY SANAYİ SEKTÖRÜ HİSSE SENEDİ SERBEST FON (HİSSE SENEDİ YOĞUN FON),TEFAS
SOS,HEDEF PORTFÖY SAĞLIK SEKTÖRÜ DEĞİŞKEN FON,TEFAS
SPE,AZIMUT PORTFÖY 5.0 SERBEST (DÖVIZ) FON,TEFAS
SPN,AZİMUT PORTFÖY İSTATİSTİKSEL ARBİTRAJ HİSSE SENEDİ SERBEST FON (HİSSE SENEDİ YOĞUN FON),TEFAS
SPP,SPARTA PORTFÖY BİRİNCİ PARA PİYASASI (TL) FONU,TEFAS
SPR,BV PORTFÖY SPOR ENDÜSTRİSİ DEĞİŞKEN FON,TEFAS
SPT,AKTİF PORTFÖY KATILIM FON SEPETİ FONU,TEFAS
SRL,PARDUS PORTFÖY SÜRDÜRÜLEBİLİRLİK HİSSE SENEDİ (TL) FONU (HİSSE SENEDİ YOĞUN FON),TEFAS
SSK,DENİZ PORTFÖY SAĞLIK SEKTÖRÜ DEĞİŞKEN FON,TEFAS
SSS,YAPI KREDİ PORTFÖY SAVUNMA SANAYİİ ŞİRKETLERİ ENDEKSİ HİSSE SENEDİ FONU (HİSSE SENEDİ YOĞUN FON),TEFAS
ST1,STRATEJİ PORTFÖY BİRİNCİ HİSSE SENEDİ FONU(HİSSE SENEDİ YOĞUN FON),TEFAS
STI,ATLAS PORTFÖY SENTİMENT SERBEST FON,TEFAS
SUA,ÜNLÜ PORTFÖY BİRİNCİ DEĞİŞKEN FON,TEFAS
SUB,ÜNLÜ PORTFÖY İKİNCİ DEĞİŞKEN FON,TEFAS
SUC,ÜNLÜ PORTFÖY ÜÇÜNCÜ DEĞIŞKEN FON,TEFAS
SVB,STRATEJİ PORTFÖY AGRESİF DEĞİŞKEN FON,TEFAS
TAL,ATLAS PORTFÖY ALTIN KATILIM FONU,TEFAS
TAR,AK PORTFÖY TARIM VE GIDA TEKNOLOJİLERİ DEĞİŞKEN FON,TEFAS
TAU,İŞ PORTFÖY BIST BANKA ENDEKSİ HİSSE SENEDİ (TL) FONU (HİSSE SENEDİ YOĞUN FON),TEFAS
TBE,TEB PORTFÖY SAĞLIK VE BİYOTEKNOLOJİ DEĞİŞKEN FON,TEFAS
TBE,TEB PORTFÖY SAĞLIK VE BİYOTEKNOLOJİ DEĞİŞKEN FON,TEFAS
TBT,TEB PORTFÖY BORÇLANMA ARAÇLARI FONU,TEFAS
TBV,İŞ PORTFÖY ÖZEL SEKTÖR BORÇLANMA ARAÇLARI (TL) FONU,TEFAS
TCA,ZİRAAT PORTFÖY ALTIN KATILIM FONU,TEFAS
TCB,TACİRLER PORTFÖY PARA PİYASASI FONU,TEFAS
TCC,TACİRLER PORTFÖY SERBEST ( DÖVİZ ) FON,TEFAS
TCD,TACİRLER PORTFÖY DEĞIŞKEN FON,TEFAS
TCF,TEB PORTFÖY ÜÇÜNCÜ FON SEPETİ FONU,TEFAS
TDG,İŞ PORTFÖY YABANCI BORÇLANMA ARAÇLARI FONU,TEFAS
TE3,TEB PORTFÖY MUTLAK GETİRİ HEDEFLİ DEĞİŞKEN FON,TEFAS
TE4,TEB PORTFÖY BİRİNCİ DEĞİŞKEN FON,TEFAS
TEJ,AZİMUT PORTFÖY TEKNOLOJİ FON SEPETİ FONU,TEFAS
TFF,TEB PORTFÖY AMERİKA TEKNOLOJİ YABANCI BYF FON SEPETİ FONU,TEFAS
TFU,İŞ PORTFÖY TÜFEYE ENDEKSLİ BORÇLANMA ARAÇLARI (TL) FONU,TEFAS
TGA,GARANTİ PORTFÖY AGRESİF DEĞİŞKEN FON,TEFAS
TGE,İŞ PORTFÖY EMTİA YABANCI BYF FON SEPETİ FONU,TEFAS
TGR,AK PORTFÖY TURİZM VE SEYAHAT SEKTÖRÜ DEĞİŞKEN FON,TEFAS
TGX,TEB PORTFÖY TARIM VE GIDA TEKNOLOJİLERİ DEĞİŞKEN FON,TEFAS
TGX,TEB PORTFÖY TARIM VE GIDA TEKNOLOJİLERİ DEĞİŞKEN FON,TEFAS
THD,TRIVE PORTFÖY BİRİNCİ HİSSE SENEDİ (TL) FON,TEFAS
THF,TERA PORTFÖY HİSSE SENEDİ (TL) FONU (HİSSE SENEDİ YOĞUN FON),TEFAS
THT,TRİVE PORTFÖY HİSSE SENEDİ SERBEST FON (HİSSE SENEDİ YOĞUN FON),TEFAS
TI2,İŞ PORTFÖY HİSSE SENEDİ (TL) FONU (HİSSE SENEDİ YOĞUN FON),TEFAS
TI3,İŞ PORTFÖY İŞ BANKASI İŞTİRAKLERİ ENDEKSİ HİSSE SENEDİ (TL) FONU (HİSSE SENEDİ YOĞUN FON),TEFAS
TI4,İŞ PORTFÖY TEMKİNLİ DEĞİŞKEN FON,TEFAS
TI6,İŞ PORTFÖY BORÇLANMA ARAÇLARI (TL) FONU,TEFAS
TI7,İŞ PORTFÖY DENGELİ DEĞİŞKEN FON,TEFAS
TIE,İŞ PORTFÖY BIST 30 ENDEKSİ HİSSE SENEDİ (TL) FONU (HİSSE SENEDİ YOĞUN FON),TEFAS
TIL,İŞ PORTFÖY KATILIM HİSSE SENEDİ (TL) FONU (HİSSE SENEDİ YOĞUN FON),TEFAS
TJF,TEB PORTFÖY SÜRDÜRÜLEBİLİRLİK FON SEPETİ FONU,TEFAS
TJI,TEB PORTFÖY İKİNCİ FON SEPETİ FONU,TEFAS
TJT,TEB PORTFÖY ALTINCI SERBEST (DÖVİZ-AVRO) FON,TEFAS
TKF,TACİRLER PORTFÖY HİSSE SENEDİ FONU (HİSSE SENEDİ YOĞUN FON),TEFAS
TLE,AURA PORTFÖY YABANCI BORÇLANMA ARAÇLARI FONU,TEFAS
TLH,AURA PORTFÖY HİSSE SENEDİ FONU (HİSSE SENEDİ YOĞUN FON),TEFAS
TLK,AKTİF PORTFÖY PARA PİYASASI KATILIM (TL) FONU,TEFAS
TLV,TERA PORTFÖY PARA PİYASASI KATILIM (TL) FONU,TEFAS
TLY,TERA PORTFÖY BİRİNCİ SERBEST FON,TEFAS
TLZ,ATA PORTFÖY KATILIM HİSSE SENEDİ (TL) FONU (HİSSE SENEDİ YOĞUN FON),TEFAS
TMC,İŞ PORTFÖY TEMA DEĞİŞKEN FON,TEFAS
TMG,İŞ PORTFÖY YABANCI HİSSE SENEDİ FONU,TEFAS
TMM,TERA PORTFÖY İKİNCİ SERBEST (DÖVİZ) FON,TEFAS
TMU,AZİMUT PORTFÖY TEMKİNLİ FON SEPETİ FONU,TEFAS
TMZ,İŞ PORTFÖY SÜRDÜRÜLEBİLİRLİK VE TARIM FON SEPETİ FONU,TEFAS
TND,İŞ PORTFÖY TTF TENİSE DESTEK DEĞİŞKEN FON,TEFAS
TOT,TEB PORTFÖY ÖZEL SEKTÖR BORÇLANMA ARAÇLARI FONU,TEFAS
TP2,TERA PORTFÖY PARA PİYASASI (TL) FONU,TEFAS
TPC,TEB PORTFÖY BİRİNCİ FON SEPETİ FONU,TEFAS
TPF,TACİRLER PORTFÖY BORÇLANMA ARAÇLARI FONU,TEFAS
TPJ,TEB PORTFÖY BİRİNCİ SERBEST (DÖVİZ) FON,TEFAS
TPL,TEB PORTFÖY EUROBOND (DÖVİZ) BORÇLANMA ARAÇLARI FONU,TEFAS
TPP,TEB PORTFÖY PUSULA SERBEST FON,TEFAS
TPV,AURA PORTFÖY İKİNCİ DEĞİŞKEN FON,TEFAS
TPZ,TEB PORTFÖY KİRA SERTİFİKALARI (DÖVİZ) KATILIM FONU,TEFAS
TRJ,TERA PORTFÖY BİRİNCİ BORÇLANMA ARAÇLARI (TL) FONU,TEFAS
TRO,TRIVE PORTFÖY ALTIN FONU,TEFAS
TRU,TERA PORTFÖY KATILIM SERBEST (DÖVİZ) FON,TEFAS
TTA,İŞ PORTFÖY ALTIN FONU,TEFAS
TTE,İŞ PORTFÖY BIST TEKNOLOJİ AĞIRLIK SINIRLAMALI ENDEKSİ HİSSE SENEDİ (TL) FONU (HİSSE SENEDİ YOĞUN FON),TEFAS
TTL,TACİRLER PORTFÖY KARTOPU SERBEST FON,TEFAS
TUA,TEB PORTFÖY ALTIN FONU,TEFAS
TVN,TRIVE PORTFÖY BİRİNCİ FON SEPETİ FONU,TEFAS
TYH,TEB PORTFÖY HİSSE SENEDİ FONU (HİSSE SENEDİ YOĞUN FON),TEFAS
TZD,ZİRAAT PORTFÖY HİSSE SENEDİ FONU (HİSSE SENEDİ YOĞUN FON),TEFAS
TZT,ZİRAAT PORTFÖY BORÇLANMA ARAÇLARI (TL) FONU,TEFAS
ULH,ÜNLÜ PORTFÖY ONUNCU SERBEST FON,TEFAS
UNT,İŞ PORTFÖY ÜÇÜNCÜ SERBEST (TL) FON,TEFAS
UP1,ÜNLÜ PORTFÖY ALTIN FONU,TEFAS
UP2,ÜNLÜ PORTFÖY ONİKİNCİ SERBEST FON,TEFAS
UPD,ÜNLÜ PORTFÖY DÖRDÜNCÜ SERBEST (DÖVIZ) FON,TEFAS
UPH,ÜNLÜ PORTFÖY HİSSE SENEDİ (TL) FONU(HİSSE SENEDİ YOĞUN FON),TEFAS
UPP,ÜNLÜ PORTFÖY PARA PİYASASI (TL) FONU,TEFAS
URA,ATA PORTFÖY ENERJİ DEĞİŞKEN FON,TEFAS
USY,ÜNLÜ PORTFÖY DEĞER YATIRIMLARI SERBEST FON,TEFAS
VAY,AK PORTFÖY DEĞER ODAKLI 100 ŞİRKETLERİ HİSSE SENEDİ (TL) FONU (HİSSE SENEDİ YOĞUN FON),TEFAS
VCY,AK PORTFÖY ELEKTRİKLİ VE OTONOM ARAÇ TEKNOLOJİLERİ DEĞİŞKEN FON,TEFAS
VFK,ZİRAAT PORTFÖY İKİNCİ KISA VADELİ KİRA SERTİFİKALARI KATILIM (TL) FONU,TEFAS
VMV,VEGA PORTFÖY MAVİ SERBEST FON,TEFAS
VNK,VEGA PORTFÖY ANKA SERBEST FON,TEFAS
VRK,DENİZ PORTFÖY ÇOKLU VARLIK KATILIM FONU,TEFAS
YAC,YAPI KREDİ PORTFÖY İKİNCİ FON SEPETİ FONU,TEFAS
YAK,YAPI KREDİ PORTFÖY KARMA FON,TEFAS
YAN,YAPI KREDİ PORTFÖY BİRİNCİ FON SEPETİ FONU,TEFAS
YAS,YAPI KREDİ PORTFÖY KOÇ HOLDİNG İŞTİRAK VE HİSSE SENEDİ FONU(HİSSE SENEDİ YOĞUN FON),TEFAS
YAY,YAPI KREDİ PORTFÖY YABANCI TEKNOLOJİ SEKTÖRÜ HİSSE SENEDİ FONU,TEFAS
YBE,YAPI KREDİ PORTFÖY EUROBOND (DOLAR) BORÇLANMA ARAÇLARI FONU,TEFAS
YBH,YAPI KREDİ PORTFÖY 5-15 YIL VADELİ SERBEST (DÖVİZ) FON,TEFAS
YBR,İŞ PORTFÖY YİRMİBİRİNCİ SERBEST (DÖVİZ) FON,TEFAS
YBS,YAPI KREDİ PORTFÖY ÖZEL SEKTÖR BORÇLANMA ARAÇLARI FONU,TEFAS
YCK,YAPI KREDİ PORTFÖY CİHANGİR SERBEST FON,TEFAS
YCP,YAPI KREDİ PORTFÖY BANKACILIK SEKTÖRÜ HİSSE SENEDİ SERBEST FON (HİSSE SENEDİ YOĞUN FON),TEFAS
YCY,İSTANBUL PORTFÖY KATILIM FON SEPETİ FONU,TEFAS
YDI,YAPI KREDİ PORTFÖY MODEL PORTFÖY HİSSE SENEDİ FONU (HİSSE SENEDİ YOĞUN FON),TEFAS
YDP,YAPI KREDİ PORTFÖY BİRİNCİ DEĞİŞKEN FON,TEFAS
YEF,YAPI KREDİ PORTFÖY BIST 30 ENDEKSİ HİSSE SENEDİ FONU (HİSSE SENEDİ YOĞUN FON),TEFAS
YFV,YAPI KREDİ PORTFÖY KİRA SERTİFİKALARI KATILIM FONU,TEFAS
YGM,YAPI KREDİ PORTFÖY EMTİA SERBEST FON,TEFAS
YHB,YAPI KREDİ PORTFÖY BIST 100 DIŞI ŞİRKETLER HİSSE SENEDİ FONU (HİSSE SENEDİ YOĞUN FON),TEFAS
YHI,YAPI KREDİ PORTFÖY İNŞAAT SEKTÖRÜ HİSSE SENEDİ SERBEST (TL) FON (HİSSE SENEDİ YOĞUN FON),TEFAS
YHK,YAPI KREDİ PORTFÖY KATILIM HİSSE SENEDİ FONU (HİSSE SENEDİ YOĞUN FON),TEFAS
YHS,YAPI KREDİ PORTFÖY BİRİNCİ HİSSE SENEDİ FONU (HİSSE SENEDİ YOĞUN FON),TEFAS
YHT,YAPI KREDİ PORTFÖY KISA VADELİ BORÇLANMA ARAÇLARI (TL) FONU,TEFAS
YHZ,YAPI KREDİ PORTFÖY BIST TEKNOLOJİ AĞIRLIK SINIRLAMALI ENDEKSİ HİSSE SENEDİ FONU ( HİSSE SENEDİ YOĞUN FON),TEFAS
YIK,YAPI KREDİ PORTFÖY İKİNCİ PARA PİYASASI SERBEST (TL) FON,TEFAS
YIT,GARANTİ PORTFÖY YARI İLETKEN TEKNOLOJİLERİ DEĞİŞKEN FON,TEFAS
YJH,YAPI KREDİ PORTFÖY TEMİZ ENERJİ DEĞİŞKEN FONU,TEFAS
YJK,YAPI KREDİ PORTFÖY ROBOTİK VE YARI İLETKEN TEKNOLOJİLERİ FON SEPETİ FONU,TEFAS
YJY,YAPI KREDİ PORTFÖY YENİKÖY SERBEST (DÖVİZ) FON,TEFAS
YKS,YAPI KREDİ PORTFÖY İSTANBUL SERBEST FON,TEFAS
YKT,YAPI KREDİ PORTFÖY ALTIN FONU,TEFAS
YLC,ATA PORTFÖY TARIM VE GIDA DEĞİŞKEN FON,TEFAS
YLE,YAPI KREDİ PORTFÖY BIST SÜRDÜRÜLEBİLİRLİK ENDEKSİ HİSSE SENEDİ FONU (HİSSE SENEDİ YOĞUN FON),TEFAS
YLO,YAPI KREDİ PORTFÖY ELEKTRİKLİ ARAÇLAR DEĞİŞKEN FON,TEFAS
YLY,YAPI KREDİ PORTFÖY KİLYOS KAR PAYI ÖDEYEN HİSSE SENEDİ SERBEST (TL) FON (HİSSE SENEDİ YOĞUN FON),TEFAS
YMD,YAPI KREDİ PORTFÖY MASLAK SERBEST (DÖVİZ- ABD DOLARI) FON,TEFAS
YMH,YAPI KREDİ PORTFÖY MUTLAK GETİRİ HEDEFLİ HİSSE SENEDİ SERBEST FON (HİSSE SENEDİ YOĞUN FON),TEFAS
YNK,YAPI KREDİ PORTFÖY NİŞANTAŞI KAR PAYI ÖDEYEN SERBEST (DÖVİZ) FON,TEFAS
YOT,YAPI KREDİ PORTFÖY BORÇLANMA ARAÇLARI FONU,TEFAS
YOZ,DENİZ PORTFÖY YAKAMOZ SERBEST (DÖVİZ) FON,TEFAS
YP4,YAPI KREDİ PORTFÖY FERİKÖY SERBEST (DÖVİZ) FON,TEFAS
YPC,YAPI KREDİ PORTFÖY SÜRDÜRÜLEBİLİRLİK DEĞİŞKEN FON,TEFAS
YPK,YAPI KREDİ PORTFÖY GALATA SERBEST FON,TEFAS
YPL,YAPI KREDİ PORTFÖY BALAT SERBEST (DÖVİZ) FON,TEFAS
YPR,AZİMUT PORTFÖY YILDIZ PAZAR ŞİRKETLERİ HİSSE SENEDİ FONU (HİSSE SENEDİ YOĞUN FON),TEFAS
YPV,YAPI KREDİ PORTFÖY ÜÇÜNCÜ FON SEPETİ FONU,TEFAS
YSL,YAPI KREDİ PORTFÖY KAR PAYI ÖDEYEN KİRA SERTİFİKALARI KATILIM SERBEST (DÖVİZ) FON,TEFAS
YSO,YAPI KREDİ PORTFÖY SAĞLIK SEKTÖRÜ SERBEST FON,TEFAS
YSU,YAPI KREDİ PORTFÖY ÜÇÜNCÜ DEĞİŞKEN FON,TEFAS
YTD,YAPI KREDİ PORTFÖY YABANCI FON SEPETİ FONU,TEFAS
YTV,YAPI KREDİ PORTFÖY TARIM DEĞİŞKEN FON,TEFAS
YTY,YAPI KREDİ PORTFÖY TARABYA SERBEST (DÖVİZ-AVRO) FON,TEFAS
YUB,YAPI KREDİ PORTFÖY KARAKÖY HİSSE SENEDİ SERBEST FON (HİSSE SENEDİ YOĞUN FON),TEFAS
YUN,YAPI KREDİ PORTFÖY İSTİNYE SERBEST (DÖVİZ) FON,TEFAS
YVB,YAPI KREDİ PORTFÖY UZUN VADELİ BORÇLANMA ARAÇLARI FONU,TEFAS
YVG,YAPI KREDİ PORTFÖY SARIYER SERBEST (DÖVİZ-AVRO) FON,TEFAS
YZC,YAPI KREDİ PORTFÖY FİNTECH VE BLOCKCHAİN TEKNOLOJİLERİ DEĞİŞKEN FON,TEFAS
YZG,YAPI KREDİ PORTFÖY GÜMÜŞ FON SEPETİ FONU,TEFAS
YZH,TEB PORTFÖY BIST BANKA ENDEKSİ HİSSE SENEDİ FONU (HİSSE SENEDİ YOĞUN),TEFAS
YZK,YAPI KREDİ PORTFÖY KALAMIŞ SERBEST FON,TEFAS
ZBD,ZİRAAT PORTFÖY DENGELİ DEĞİŞKEN FON,TEFAS
ZBI,ZİRAAT PORTFÖY TEMKİNLİ KATILIM FONU,TEFAS
ZBJ,ZİRAAT PORTFÖY BAŞAK PARA PİYASASI (TL) FONU,TEFAS
ZBO,ZİRAAT PORTFÖY MUTLAK GETİRİ HEDEFLİ HİSSE SENEDİ SERBEST FON (HİSSE SENEDİ YOĞUN FON),TEFAS
ZCD,ZİRAAT PORTFÖY ALTINCI SERBEST (TL) FON,TEFAS
ZCK,ZİRAAT PORTFÖY AGRESİF KATILIM FONU,TEFAS
ZCN,ZİRAAT PORTFÖY EMTİA FON SEPETİ FONU,TEFAS
ZDD,ZİRAAT PORTFÖY TEMKİNLİ DEĞİŞKEN FON,TEFAS
ZDZ,ZİRAAT PORTFÖY AGRESİF DEĞİŞKEN FON,TEFAS
ZFB,AK PORTFÖY FİNTEK VE BLOKZİNCİRİ TEKNOLOJİLERİ DEĞİŞKEN FON,TEFAS
ZHH,ZİRAAT PORTFÖY HALKBANK SÜRDÜRÜLEBİLİRLİK 30 ŞİRKETLERİ HİSSE SENEDİ FONU (HİSSE SENEDİ YOĞUN FON),TEFAS
ZJB,ZİRAAT PORTFÖY BİRİNCİ SERBEST (TL) FON,TEFAS
ZJI,ZİRAAT PORTFÖY İKİNCİ SERBEST (TL) FON,TEFAS
ZJL,ZİRAAT PORTFÖY BIST 100 DIŞI ŞİRKETLER HİSSE SENEDİ FONU (HİSSE SENEDİ YOĞUN FON),TEFAS
ZJV,ZİRAAT PORTFÖY BIST 30 DIŞI YILDIZ PAZAR ŞİRKETLERİ HİSSE SENEDİ FONU (HİSSE SENEDİ YOĞUN FON),TEFAS
ZLH,ZİRAAT PORTFÖY BIST 100-30 ŞİRKETLERİ HİSSE SENEDİ FONU ( HİSSE SENEDİ YOĞUN FON),TEFAS
ZMT,AZİMUT PORTFÖY 22.0 SERBEST (DÖVİZ-AVRO) FON,TEFAS
ZMY,ZİRAAT PORTFÖY METAVERSE VE YENİ TEKNOLOJİLER DEĞİŞKEN FON,TEFAS
ZP6,ZİRAAT PORTFÖY SEDEF KATILIM SERBEST (DÖVİZ - AMERİKAN DOLARI) FON,TEFAS
ZP8,ZİRAAT PORTFÖY KEHRİBAR PARA PİYASASI KATILIM SERBEST (TL) FON,TEFAS
ZP9,ZİRAAT PORTFÖY AKİK KATILIM SERBEST (DÖVİZ-AVRO) FON,TEFAS
ZPA,ZİRAAT PORTFÖY SERBEST (DÖVİZ) FON,TEFAS
ZPC,ZİRAAT PORTFÖY FON SEPETİ FONU,TEFAS
ZPE,ZİRAAT PORTFÖY KATILIM HİSSE SENEDİ FONU (HİSSE SENEDİ YOĞUN FON),TEFAS
ZPF,ZİRAAT PORTFÖY KATILIM FONU (DÖVİZ),TEFAS
ZPG,ZİRAAT PORTFÖY KİRA SERTİFİKALARI (SUKUK) KATILIM FONU,TEFAS
ZPR,ZİRAAT PORTFÖY PARA PİYASASI SERBEST FON,TEFAS
ZSF,ZİRAAT PORTFÖY S&P/OIC COMCEC (İSEDAK) 50 SHARİAH ŞİRKETLERİ YABANCI HİSSE SENEDİ FONU,TEFAS
ZSG,ZİRAAT PORTFÖY ESG SÜRDÜRÜLEBİLİRLİK FON SEPETİ FONU,TEFAS
ZTG,ZİRAAT PORTFÖY TARIM VE GIDA FON SEPETİ FONU,TEFAS
ZVO,ZİRAAT PORTFÖY ÜÇÜNCÜ SERBEST (TL) FON,TEFAS
