Fon Kodu;Fon Adı
AAK;ATA PORTFÖY ÇOKLU VARLIK DEĞİŞKEN FON
AAL;ATA PORTFÖY PARA PİYASASI (TL) FONU
AAS;ATA PORTFÖY FON SEPETİ SERBEST FONU
AAV;ATA PORTFÖY İKİNCİ HİSSE SENEDİ (TL) FONU (HİSSE SENEDİ YOĞUN FON)
AC1;PARDUS PORTFÖY KISA VADELİ KATILIM SERBEST FONU
AC4;PARDUS  PORTFÖY PARA PİYASASI (TL) FON
AC5;PARDUS PORTFÖY İSTATİSTİKSEL ARBİTRAJ HİSSE SENEDİ SERBEST (TL) FON (HİSSE SENEDİ YOĞUN FON)
AC6;PARDUS PORTFÖY DÖRDÜNCÜ SERBEST (DÖVİZ) FON
ACC;İSTANBUL PORTFÖY DÖRDÜNCÜ HİSSE SENEDİ FONU (HİSSE SENEDİ YOĞUN)
ACD;İSTANBUL PORTFÖY İKİNCİ DEĞİŞKEN FON
ACU;İSTANBUL PORTFÖY URARTU SERBEST (DÖVİZ) FON
ADE;AK PORTFÖY MUTLAK GETİRİ HEDEFLİ DEĞİŞKEN FON
ADP;AK PORTFÖY BIST BANKA ENDEKSİ HİSSE SENEDİ (TL) FONU (HİSSE SENEDİ YOĞUN FON)
AED;ATA PORTFÖY BİRİNCİ DEĞİŞKEN FON
AES;AK PORTFÖY PETROL YABANCI BYF FON SEPETİ FONU
AEV;ALLBATROSS PORTFÖY SANAYİ ŞİRKETLERİ HİSSE SENEDİ (TL) FONU (HİSSE SENEDİ YOĞUN FON)
AFA;AK PORTFÖY  AMERİKA YABANCI HİSSE SENEDİ FONU
AFO;AK PORTFÖY ALTIN FONU
AFS;AK PORTFÖY SAĞLIK SEKTÖRÜ YABANCI HİSSE SENEDİ FONU
AFT;AK PORTFÖY YENİ TEKNOLOJİLER YABANCI HİSSE SENEDİ FONU
AFV;AK PORTFÖY  AVRUPA YABANCI HİSSE SENEDİ FONU
AGC;AK PORTFÖY İKİNCİ DEĞİŞKEN FON
AHI;ATLAS PORTFÖY BİRİNCİ HİSSE SENEDİ FONU(HİSSE SENEDİ YOĞUN)
AHN;ATLAS PORTFÖY SERBEST(DÖVİZ)FON
AHU;ATLAS PORTFÖY BİRİNCİ ÖZEL SEKTÖR BORÇLANMA ARAÇLARI FONU
AHV;AZİMUT PORTFÖY DENGELİ FON SEPETİ FONU
AIS;AK PORTFÖY PARA PİYASASI KATILIM FONU
AJ1;A1 CAPİTAL PORTFÖY İSTATİSTİKSEL ARBİTRAJ HİSSE SENEDİ SERBEST FON (HİSSE SENEDİ YOĞUN FON)
AJK;AK PORTFÖY 0-5 YIL VADELİ SERBEST (DÖVİZ) FON
AK2;AK PORTFÖY UZUN VADELİ BORÇLANMA ARAÇLARI FONU
AK3;AK PORTFÖY HİSSE SENEDİ (TL) FONU (HİSSE SENEDİ YOĞUN FON)
AKE;AK PORTFÖY EUROBOND (AMERİKAN DOLARI) BORÇLANMA ARAÇLARI FONU
AKU;AK PORTFÖY BIST 30 ENDEKSİ HİSSE SENEDİ (TL) FONU (HİSSE SENEDİ YOĞUN FON)
ALC;AK PORTFÖY KAR PAYI ÖDEYEN ŞİRKETLER HİSSE SENEDİ (TL) FONU (HİSSE SENEDİ YOĞUN FON)
AN1;STRATEJİ PORTFÖY BİRİNCİ DEĞİŞKEN FON
ANZ;ATA PORTFÖY DÖRDÜNCÜ SERBEST (DÖVİZ) FON
AOJ;ALLBATROSS PORTFÖY İNŞAAT SEKTÖRÜ HİSSE SENEDİ SERBEST (TL) FON (HİSSE SENEDİ YOĞUN FON)
AOY;AK PORTFÖY ALTERNATİF ENERJİ YABANCI HİSSE SENEDİ FONU
AP5;ATLAS PORTFÖY BEŞİNCİ HİSSE SENEDİ SERBEST FON (HİSSE SENEDİ YOĞUN FON)
AP7;PARDUS PORTFÖY ALGO ETNA İSTATİSTİKSEL ARBİTRAJ SERBEST FON
APJ;AK PORTFÖY BIST ŞİRKETLERİ FON SEPETİ FONU
APT;AK PORTFÖY ORTA VADELI BORÇLANMA ARAÇLARI FONU
ARE;İSTANBUL PORTFÖY YABANCI HİSSE SENEDİ FONU
ARL;AK PORTFÖY BİRİNCİ FON SEPETİ FONU
ARM;AK PORTFÖY İKİNCİ FON SEPETİ FONU
AS1;ALLBATROSS PORTFÖY BİRİNCİ SERBEST (DÖVİZ) FON
ASJ;AKTİF PORTFÖY HİSSE SENEDİ (TL) FONU (HİSSE SENEDİ YOĞUN FON)
AU1;A1 CAPİTAL PORTFÖY ALTIN FONU
AUT;ATA PORTFÖY DENGELİ DEĞİŞKEN FON
AUV;AK PORTFÖY UZUN VADELİ SERBEST (DÖVİZ) FON
AYA;ATA PORTFÖY KAR PAYI ÖDEYEN HİSSE SENEDİ (TL) FONU (HİSSE SENEDİ YOĞUN FON)
AYR;AK PORTFÖY ÖZEL SEKTÖR BORÇLANMA ARAÇLARI (TL) FONU
BBF;PARDUS PORTFÖY BİRİNCİ BORÇLANMA ARAÇLARI (TL) FONU
BBP;ALLBATROSS PORTFÖY BİRİNCİ BORÇLANMA ARAÇLARI FONU
BBS;BULLS PORTFÖY BİRİNCİ SERBEST (TL) FON
BCK;DENİZ PORTFÖY BLOCKCHAİN VE FINTECH TEKNOLOJİLERİ DEĞİŞKEN FON
BCO;BULLS PORTFÖY ÇOKLU VARLIK KATILIM FONU
BDA;YAPI KREDİ PORTFÖY BİRİNCİ KATILIM SERBEST (DÖVİZ-AVRO) FON
BDS;PARDUS PORTFÖY BIST 30 DIŞI ŞİRKETLER HİSSE SENEDİ (TL) FONU (HİSSE SENEDİ YOĞUN FON)
BDY;AK PORTFÖY BIST 100 DIŞI ŞİRKETLER HİSSE SENEDİ (TL) FONU (HİSSE SENEDİ YOĞUN FON)
BFE;ALLBATROSS PORTFÖY BİRİNCİ FON SEPETİ FONU
BFT;AZİMUT PORTFÖY BANKA VE FİNANS SEKTÖRÜ HİSSE SENEDİ FONU (HİSSE SENEDİ YOĞUN FON)
BGP;AK PORTFÖY ÜÇÜNCÜ PARA PİYASASI (TL) FONU
BHA;BULLS PORTFÖY HİSSE SENEDİ (TL) FONU (HİSSE SENEDİ YOĞUN FON)
BHF;PARDUS PORTFÖY BİRİNCİ DEĞİŞKEN FON
BHI;BV PORTFÖY MUTLAK GETİRİ HEDEFLİ HİSSE SENEDİ SERBEST (TL) FON (HİSSE SENEDİ YOĞUN FON)
BHL;İŞ PORTFÖY BİRİNCİ HİSSE SENEDİ SERBEST FON (HİSSE SENEDİ YOĞUN FON)
BID;QNB PORTFÖY BIST 100 DIŞI ŞİRKETLER HİSSE SENEDİ (TL) FONU (HİSSE SENEDİ YOĞUN FON)
BIG;YAPI KREDİ PORTFÖY ÜÇÜNCÜ HİSSE SENEDİ FONU (HİSSE SENEDİ YOĞUN FON)
BIH;PARDUS PORTFÖY BİRİNCİ HİSSE SENEDİ (TL) FONU (HİSSE SENEDİ YOĞUN FON)
BIO;İŞ PORTFÖY SÜRDÜRÜLEBİLİRLİK HİSSE SENEDİ (TL) FONU (HİSSE SENEDİ YOĞUN FON)
BIP;İSTANBUL PORTFÖY BİRİNCİ PARA PİYASASI SERBEST (TL) FON
BIS;BV PORTFÖY BİRİNCİ SERBEST FON
BIY;AZİMUT PORTFÖY BIST 100 DIŞI ŞİRKETLER HİSSE SENEDİ FONU (HİSSE SENEDİ YOĞUN FON)
BJD;AZİMUT PORTFÖY 13.0 SERBEST (DÖVİZ) FON
BKY;YAPI KREDİ PORTFÖY BİRİNCİ KATILIM SERBEST (DÖVİZ) FON
BLD;DENİZ PORTFÖY BALEV EĞİTİME DESTEK SERBEST FON
BLT;BULLS PORTFÖY ALTIN FONU
BMU;BULLS PORTFÖY MUTLAK GETİRİ HEDEFLİ HİSSE SENEDİ SERBEST FON (HİSSE SENEDİ YOĞUN FON)
BNC;AK PORTFÖY BEŞİNCİ SERBEST FON
BNH;İSTANBUL PORTFÖY BANKACILIK SEKTÖRÜ HİSSE SENEDİ SERBEST (TL) FON (HİSSE SENEDİ YOĞUN FON)
BOL;AKTİF PORTFÖY BORÇLANMA ARAÇLARI FONU
BON;A1 CAPİTAL PORTFÖY BORÇLANMA ARAÇLARI FONU
BOS;BULLS PORTFÖY ALTINCI HİSSE SENEDİ SERBEST FON (HİSSE SENEDİ YOĞUN FON)
BPZ;BULLS PORTFÖY PARA PİYASASI (TL) FONU
BRC;RE-PIE PORTFÖY BİRİNCİ İSTATİSTİKSEL ARBİTRAJ HİSSE SENEDİ SERBEST FON (HİSSE SENEDİ YOĞUN FON)
BRF;DENİZ PORTFÖY BİRİNCİ FON SEPETİ FONU
BRR;AK PORTFÖY İKİNCİ KISA VADELİ BORÇLANMA ARAÇLARI (TL) FONU
BRT;PARDUS PORTFÖY BEREKET HİSSE SENEDİ SERBEST FON (HİSSE SENEDİ YOĞUN FON)
BSD;BV PORTFÖY SERBEST (DÖVİZ) FON
BSH;ATLAS PORTFÖY BANKACILIK SEKTÖRÜ HİSSE SENEDİ SERBEST FON (HİSSE SENEDİ YOĞUN FON)
BSM;GLOBAL MD PORTFÖY BERRAK SERBEST FON
BST;PARDUS PORTFÖY BANKACILIK SEKTÖRÜ DIŞI ŞİRKETLER HİSSE SENEDİ SERBEST (TL) FON (HİSSE SENEDİ YOĞUN FON)
BTE;BV PORTFÖY OYUN VE TEKNOLOJİ DEĞİŞKEN FON
BTJ;ATLAS PORTFÖY İSTATİSTİKSEL ARBİTRAJ HİSSE SENEDİ SERBEST FON (HİSSE SENEDİ YOĞUN FON)
BTK;BV PORTFÖY TEKNOLOJİ KATILIM FONU
BTZ;ATLAS PORTFÖY BIST 30 DIŞI ŞİRKETLER HİSSE SENEDİ FONU (HİSSE SENEDİ YOĞUN FON)
BUV;BULLS PORTFÖY VOLTRAN SERBEST (TL) FON
BUY;AK PORTFÖY BÜYÜYEN ŞİRKETLER HİSSE SENEDİ (TL) FONU (HİSSE SENEDİ YOĞUN FON)
BV1;BV PORTFÖY BİRİNCİ HİSSE SENEDİ (TL) FON (HİSSE SENEDİ YOĞUN FON)
BVF;BV PORTFÖY PARA PİYASASI (TL) FON
BVM;ALLBATROSS PORTFÖY BİRİNCİ HİSSE SENEDİ SERBEST (TL) FON (HİSSE SENEDİ YOĞUN FON)
BVV;BV PORTFÖY TEKNOLOJİ DEĞİŞKEN FON
BVZ;BV PORTFÖY İSTATİSTİKSEL ARBİTRAJ SERBEST (TL) FON
CAH;A1 CAPİTAL PORTFÖY HİSSE SENEDİ SERBEST FON (HİSSE SENEDİ YOĞUN FON)
CFO;ROTA PORTFÖY İKİNCİ PARA PİYASASI FONU
CIN;AKTİF PORTFÖY BİRİNCİ SERBEST FON
CKF;ALBARAKA PORTFÖY ÇOKLU VARLIK KATILIM FONU
CKL;YAPI KREDİ PORTFÖY ÇOKLU VARLIK DEĞİŞKEN FON
CKS;İŞ PORTFÖY BİRİNCİ KATILIM SERBEST (DÖVİZ) FON
CPT;ROTA PORTFÖY ÇİP TEKNOLOJİLERİ DEĞİŞKEN FON
CPU;AKTİF PORTFÖY TEKNOLOJİ KATILIM FONU
CVK;INVEO PORTFÖY ÇOKLU VARLIK KATILIM FONU
CVL;A1 CAPİTAL PORTFÖY ÇOKLU VARLIK KATILIM FONU
DA1;A1 CAPİTAL PORTFÖY SERBEST (DÖVİZ) FON
DAH;DENİZ PORTFÖY HİSSE SENEDİ FONU (HİSSE SENEDİ YOĞUN FON)
DAS;DENİZ PORTFÖY ONİKİNCİ SERBEST (DÖVİZ) FON
DBA;DENİZ PORTFÖY ALTIN FONU
DBB;DENİZ PORTFÖY BORÇLANMA ARAÇLARI FONU
DBH;DENİZ PORTFÖY EUROBOND (DÖVİZ) BORÇLANMA ARAÇLARI FONU
DBK;DENİZ PORTFÖY KISA VADELİ BORÇLANMA ARAÇLARI (TL) FONU
DBP;DENİZ PORTFÖY BİRİNCİ DEĞİŞKEN FON
DBZ;DENİZ PORTFÖY ÖZEL SEKTÖR BORÇLANMA ARAÇLARI FONU
DCB;DENİZ PORTFÖY PARA PİYASASI SERBEST (TL) FON
DDA;DENİZ PORTFÖY BANKACILIK SEKTÖRÜ HİSSE SENEDİ SERBEST FON (HİSSE SENEDİ YOĞUN FON)
DDF;DENİZ PORTFÖY DİNAMO SERBEST FON
DEF;ALLBATROSS PORTFÖY DEFNE SERBEST FON
DFC;DENİZ PORTFÖY TARIM VE GIDA DEĞİŞKEN FON
DFD;DENİZ PORTFÖY EMTİA SERBEST FON
DFI;ATLAS PORTFÖY SERBEST FON
DGF;A1 CAPİTAL PORTFÖY DEĞİŞKEN FON
DGH;ATA PORTFÖY PARA PİYASASI SERBEST (TL) FON
DHJ;DENİZ PORTFÖY TEKNOLOJİ ŞİRKETLERİ HİSSE SENEDİ FONU (HİSSE SENEDİ YOĞUN FON)
DHM;DENİZ PORTFÖY ESG-SÜRDÜRÜLEBİLİRLİK FON SEPETİ FONU
DID;DENİZ PORTFÖY İKİNCİ DEĞİŞKEN FON
DIP;DENİZ PORTFÖY İKİNCİ PARA PİYASASI SERBEST (TL) FON
DKH;DENİZ PORTFÖY KATILIM HİSSE SENEDİ (TL) FONU (HİSSE SENEDİ YOĞUN FON)
DKL;DENİZ PORTFÖY BİRİNCİ KATILIM SERBEST (DÖVİZ) FON
DKR;DENİZ PORTFÖY ONDÖRDÜNCÜ SERBEST FON
DL2;DENİZ PORTFÖY İKİNCİ PARA PİYASASI (TL) FONU
DLD;DENİZ PORTFÖY SÜRDÜRÜLEBİLİRLİK HİSSE SENEDİ FONU (HİSSE SENEDİ YOĞUN FON)
DLY;DENİZ PORTFÖY PARA PİYASASI (TL) FONU
DMG;DENİZ PORTFÖY GÜMÜŞ FON SEPETİ FONU
DNF;A1 CAPİTAL PORTFÖY DİNAMİK FON SEPETİ FONU
DNH;DENİZ PORTFÖY İNŞAAT SEKTÖRÜ HİSSE SENEDİ SERBEST (TL) FON (HİSSE SENEDİ YOĞUN FON)
DNK;TACİRLER PORTFÖY DENGE KATILIM SERBEST FON
DNM;QNB PORTFÖY DİNAMİK DAĞILIMLI SERBEST (DÖVİZ) FON
DNP;DENİZ PORTFÖY PARA PİYASASI KATILIM SERBEST (TL) FON
DOH;TERA PORTFÖY DÖRDÜNCÜ HİSSE SENEDİ SERBEST (TL) FON (HİSSE SENEDİ YOĞUN FON)
DOL;AKTİF PORTFÖY ÜÇÜNCÜ AKTİF SERBEST (DÖVİZ) FON
DOV;DENİZ PORTFÖY ONÜÇÜNCÜ SERBEST (DÖVİZ-AVRO) FON
DPB;DENİZ PORTFÖY SERBEST (DÖVİZ) FON
DPK;DENİZ PORTFÖY KİRA SERTİFİKALARI KATILIM (TL) FONU
DPT;DENİZ PORTFÖY BİST TEMETTÜ 25 ENDEKSİ HİSSE SENEDİ FONU ( HİSSE SENEDİ YOĞUN FON )
DSD;DENİZ PORTFÖY İKİNCİ SERBEST (DÖVİZ_AVRO) FON
DSP;DENİZ PORTFÖY DENGELİ FON SEPETİ FONU
DTL;DENİZ PORTFÖY BIST 100 DIŞI ŞİRKETLER HİSSE SENEDİ (TL) FONU (HİSSE SENEDİ YOĞUN FON)
DTM;DENİZ PORTFÖY TEMETTÜ ÖDEYEN ŞİRKETLER DEĞİŞKEN FON
DTZ;AK PORTFÖY ROBOTİK TEKNOLOJİLER DEĞİŞKEN FON
DUD;DENİZ PORTFÖY UZUN VADELİ SERBEST (DÖVİZ) FON
DUH;HEDEF PORTFÖY UFUK HİSSE SENEDİ SERBEST FON (HİSSE SENEDİ YOĞUN FON)
DUV;DENİZ PORTFÖY UZUN VADELİ BORÇLANMA ARAÇLARI FONU
DVS;DENİZ PORTFÖY KISA VADELİ SERBEST (TL) FON
DVT;DENİZ PORTFÖY METAVERSE VE DİJİTAL YAŞAM TEKNOLOJİLERİ DEĞİŞKEN FON
DXP;DENİZ PORTFÖY İHRACATÇI ŞİRKETLER HİSSE SENEDİ FONU (HİSSE SENEDİ YOĞUN FON)
DYN;DENİZ PORTFÖY ELEKTRİKLİ VE OTONOM ARAÇ TEKNOLOJİLERİ DEĞİŞKEN FON
DZE;DENİZ PORTFÖY BIST 100 ENDEKSİ HİSSE SENEDİ FONU(HİSSE SENEDİ YOĞUN FON)
DZM;DENİZ PORTFÖY BEŞİNCİ SERBEST (DÖVİZ) FON
EBD;GLOBAL MD PORTFÖY İKİNCİ DEĞİŞKEN FON
EBI;EMAA BLUE PORTFÖY İKİNCİ SERBEST (DÖVİZ-AVRO) FON
EBS;EMAA BLUE PORTFÖY BİRİNCİ SERBEST (DÖVİZ-ABD DOLARI) FON
EC2;GLOBAL MD PORTFÖY BİRİNCİ HİSSE SENEDİ FONU(HİSSE SENEDİ YOĞUN FON)
ECA;GLOBAL MD PORTFÖY BİRİNCİ DEĞİŞKEN FON
EDT;DENİZ PORTFÖY TED EĞİTİME DESTEK SERBEST FON
EDU;İŞ PORTFÖY TEV EĞİTİME DESTEK DEĞİŞKEN FON
EIB;QİNVEST PORTFÖY DEĞİŞKEN FON
EID;QİNVEST PORTFÖY HİSSE SENEDİ FONU (HİSSE YOĞUN FON)
EIL;QİNVEST PORTFÖY PARA PİYASASI FONU
EKF;QİNVEST PORTFÖY KİRA SERTİFİKASI KATILIM (TL) FONU
ELZ;QİNVEST PORTFÖY KATILIM HİSSE SENEDİ FONU (HİSSE SENEDİ YOĞUN FON)
ENJ;AKTİF PORTFÖY ENERJİ ŞİRKETLERİ HİSSE SENEDİ (TL) FONU (HİSSE SENEDİ YOĞUN FON)
EPA;EMAA BLUE PORTFÖY PARA PİYASASI KATILIM (TL) FONU
EPI;EMAA BLUE PORTFÖY İNŞAAT SEKTÖRÜ KATILIM FONU
EPK;EMAA BLUE PORTFÖY KIYMETLİ MADENLER KATILIM FON SEPETİ FONU
EPP;EMAA BLUE PORTFÖY PARA PİYASASI SERBEST FON
EPT;EMAA BLUE PORTFÖY PARA PİYASASI (TL) FONU
ESG;AKTİF PORTFÖY ESG SÜRDÜRÜLEBİLİRLİK SERBEST FON
ESP;AURA PORTFÖY EMTİA SERBEST FON
EUN;GARANTİ PORTFÖY İKİNCİ SERBEST (DÖVİZ-AVRO) FON
EUZ;GARANTİ PORTFÖY SERBEST (DÖVİZ-AVRO) FON
EYT;AKTİF PORTFÖY İKİNCİ FON SEPETİ FONU
FAK;FONMAP PORTFÖY ALTIN KATILIM FONU
FAL;ONE PORTFÖY ALTIN FONU
FBC;ONE PORTFÖY KAR PAYI ÖDEYEN KATILIM FONU
FBI;FİBA PORTFÖY BİRİNCİ SERBEST (DÖVİZ) FON
FBV;İŞ PORTFÖY MODEL SERBEST FON
FBZ;FİBA PORTFÖY TEKNOLOJİ SERBEST FON
FCK;ONE PORTFÖY ÇOKLU VARLIK KATILIM FONU
FD1;ONE PORTFÖY BİRİNCİ DEĞİŞKEN FON
FDG;FONMAP PORTFÖY BİRİNCİ DEĞİŞKEN FON
FFH;QNB PORTFÖY ÇOKLU VARLIK KATILIM FONU
FFP;QNB PORTFÖY FON SEPETİ FONU
FI3;QNB PORTFÖY BORÇLANMA ARAÇLARI FONU
FIB;FİBA PORTFÖY ALTIN FONU
FID;FİBA PORTFÖY ÇOKLU VARLIK İKİNCİ DEĞİŞKEN FON
FIL;FİBA PORTFÖY PARA PİYASASI (TL) FONU
FIT;FİBA PORTFÖY BORÇLANMA ARAÇLARI (TL) FONU
FJB;FİBA PORTFÖY BLOK ZİNCİRİ TEKNOLOJİLERİ SERBEST FON
FJZ;FİBA PORTFÖY FIRTINA SERBEST (DÖVİZ) FON
FKE;QNB PORTFÖY KRİSTAL SERBEST (DÖVİZ-AVRO) FON
FLS;YAPI KREDİ PORTFÖY FLORYA SERBEST (DÖVİZ-AVRO) FON
FLY;AKTİF PORTFÖY HAVACILIK VE SAVUNMA TEKNOLOJİLERİ DEĞİŞKEN FON
FMG;QNB PORTFÖY GÜMÜŞ SERBEST FON
FMV;DENİZ PORTFÖY FMV IŞIK ÜNİVERSİTESİ EĞİTİME DESTEK SERBEST FON
FNO;QNB PORTFÖY BİRİNCİ DEĞİŞKEN FON
FNT;HEDEF PORTFÖY MODEL HİSSE SENEDİ SERBEST (TL) FON (HİSSE SENEDİ YOĞUN FON)
FP4;ONE PORTFÖY DÖRDÜNCÜ HİSSE SENEDİ SERBEST FON (HİSSE SENEDİ YOĞUN FON)
FPE;FİBA PORTFÖY EUROBOND BORÇLANMA ARAÇLARI (DÖVİZ)FONU
FPG;FİBA PORTFÖY GÜMÜŞ SERBEST FON
FPH;FİBA PORTFÖY HİSSE SENEDİ (TL) FONU (HİSSE SENEDİ YOĞUN FON)
FPI;FONMAP PORTFÖY BİRİNCİ PARA PİYASASI (TL) FONU
FPK;FİBA PORTFÖY KISA VADELİ BORÇLANMA ARAÇLARI (TL) FONU
FPZ;QNB PORTFÖY BİRİNCİ SERBEST (DÖVİZ) FON
FRC;FONMAP PORTFÖY BİRİNCİ HİSSE SENEDİ SERBEST FON (HİSSE SENEDİ YOĞUN FON)
FS5;ONE PORTFÖY BİRİNCİ İSTATİSTİKSEL ARBİTRAJ HİSSE SENEDİ SERBEST FON (HİSSE SENEDİ YOĞUN FON)
FS6;ONE PORTFÖY İKİNCİ İSTATİSTİKSEL ARBİTRAJ SERBEST FON
FSF;FİBA PORTFÖY PARA PİYASASI SERBEST (TL) FON
FSG;FİBA PORTFÖY BİRİNCİ HİSSE SENEDİ SERBEST FON (HİSSE SENEDİ YOĞUN FON)
FSH;FİBA PORTFÖY FON SEPETİ SERBEST FON
FSK;QNB PORTFÖY İKİNCİ PARA PİYASASI (TL) FONU
FSP;FONMAP PORTFÖY SERBEST (DÖVİZ) FON
FSR;FİBA PORTFÖY İKİNCİ SERBEST (DÖVİZ-AVRO) FON
FSU;TERA PORTFÖY FON SEPETİ FONU
FTL;ONE PORTFÖY PARA PİYASASI KATILIM (TL) FONU
FUA;AK PORTFÖY İHRACATÇI ŞİRKETLER HİSSE SENEDİ (TL) FONU (HİSSE SENEDİ YOĞUN FON)
FUB;QNB PORTFÖY EUROBOND (DÖVİZ) BORÇLANMA ARAÇLARI FONU
FYD;QNB PORTFÖY BİRİNCİ HİSSE SENEDİ FONU (HİSSE SENEDİ YOĞUN FON)
FYI;AZİMUT PORTFÖY 4.0 SERBEST FON
FYO;QNB PORTFÖY ÖZEL SEKTÖR BORÇLANMA ARAÇLARI FONU
FZJ;FİBA PORTFÖY BİRİNCİ FON SEPETİ FONU
FZP;FİBA PORTFÖY SERBEST FON
GA1;GARANTİ PORTFÖY  BORÇLANMA ARAÇLARI FONU
GAE;GARANTİ PORTFÖY BİST30 ENDEKSİ HİSSE SENEDİ FONU (HİSSE SENEDİ YOĞUN FON)
GAF;INVEO PORTFÖY BİRİNCİ HİSSE SENEDİ FONU (HİSSE SENEDİ YOĞUN FON)
GAG;INVEO PORTFÖY BİRİNCİ SERBEST (DÖVIZ)  FON
GAH;GARANTİ PORTFÖY MUTLAK GETİRİ HEDEFLİ DEĞİŞKEN FON
GAS;GARANTİ PORTFÖY ÜÇÜNCÜ SERBEST(DÖVİZ) FON
GBC;AZİMUT PORTFÖY YABANCI HİSSE SENEDİ FONU
GBG;INVEO PORTFÖY G-20 ÜLKELERİ YABANCI HİSSE SENEDİ FONU
GBH;GARANTİ PORTFÖY BİRİNCİ HİSSE SENEDİ SERBEST FON (HİSSE SENEDİ YOĞUN FON)
GBJ;GARANTİ PORTFÖY BANKACILIK SEKTÖRÜ HİSSE SENEDİ SERBEST FON (HİSSE SENEDİ YOĞUN FON)
GBL;AZİMUT PYŞ KISA VADELİ BORÇLANMA ARAÇLARI FONU
GBN;GARANTİ PORTFÖY BEŞİNCİ SERBEST (TL) FON
GBV;GARANTİ PORTFÖY BLOCKCHAİN TEKNOLOJİLERİ DEĞİŞKEN FON
GBZ;AZİMUT PORTFÖY EMTİA FON SEPETİ FONU
GGK;INVEO PORTFÖY  ALTIN FON
GHS;GARANTİ PORTFÖY HİSSE SENEDİ FONU (HİSSE SENEDİ YOĞUN FON)
GID;GARANTİ PORTFÖY İNŞAAT SEKTÖRÜ DEĞİŞKEN FON
GIE;GARANTİ PORTFÖY GARANTİ BBVA İKLİM ENDEKSİ HİSSE SENEDİ (TL) FONU (HİSSE SENEDİ YOĞUN FON)
GIH;ALLBATROSS PORTFÖY GIDA VE İÇECEK SEKTÖRÜ HİSSE SENEDİ FONU (HİSSE SENEDİ YOĞUN FON)
GJB;INVEO PORTFÖY BİRİNCİ FON SEPETİ FONU
GKF;GLOBAL MD PORTFÖY KATILIM FONU
GKG;GARANTİ PORTFÖY KAR PAYI ÖDEYEN HİSSE SENEDİ (TL) FONU (HİSSE SENEDİ YOĞUN FON)
GKH;GARANTİ PORTFÖY PARA PİYASASI KATILIM SERBEST (TL) FON
GKV;GARANTİ PORTFÖY KATILIM HİSSE SENEDİ (TL) FONU (HİSSE SENEDİ YOĞUN FON)
GL1;AZİMUT PYŞ BİRİNCİ HİSSE SENEDİ FONU (HİSSE SENEDİ YOĞUN FON)
GLC;AKTİF PORTFÖY ÜÇÜNCÜ FON SEPETİ FONU
GLG;AKTİF PORTFÖY CAPİTAL HİSSE SENEDİ SERBEST FON (HİSSE SENEDİ YOĞUN FON)
GLS;AZİMUT PORTFÖY  KİRA SERTİFİKALARI (SUKUK) KATILIM FONU
GMA;AZİMUT PORTFÖY ÇOKLU VARLIK DEĞİŞKEN FON
GMC;TEB PORTFÖY GÜMÜŞ FON SEPETİ FONU
GMD;GLOBAL MD PORTFÖY BİRİNCİ FON SEPETİ FONU
GMI;AK PORTFÖY GÜMÜŞ SERBEST FON
GMN;GLOBAL MD PORTFÖY BİRİNCİ PARA PİYASASI SERBEST (TL) FON
GMR;INVEO PORTFÖY İKİNCİ HİSSE SENEDİ FONU (HİSSE SENEDİ YOĞUN FON)
GNH;GLOBAL MD PORTFÖY ALGORİTMİK MODEL HİSSE SENEDİ FONU (HİSSE SENEDİ YOĞUN FON)
GNS;GARANTİ PORTFÖY ENERJİ ŞİRKETLERİ HİSSE SENEDİ (TL) FONU (HİSSE SENEDİ YOĞUN FON)
GO1;ONE PORTFÖY BİRİNCİ FON SEPETİ FONU
GO2;ONE PORTFÖY KATILIM FON SEPETİ FONU
GO3;ONE PORTFÖY ÜÇÜNCÜ FON SEPETİ FONU
GO4;ONE PORTFÖY DÖRDÜNCÜ FON SEPETİ FONU
GO6;ONE PORTFÖY PARA PİYASASI (TL) FONU
GO9;ONE PORTFÖY BİRİNCİ HİSSE SENEDİ FONU (HİSSE SENEDİ YOĞUN FON)
GOH;GARANTİ PORTFÖY BIST 100 DIŞI ŞİRKETLER HİSSE SENEDİ FONU (HİSSE SENEDİ YOĞUN FON)
GOL;GARANTİ PORTFÖY ALTIN KATILIM FONU
GPA;GARANTİ PORTFÖY EUROBOND BORÇLANMA ARAÇLARI (DÖVİZ) FONU
GPB;GARANTİ PORTFÖY BİRİNCİ DEĞİŞKEN FON
GPC;GARANTİ PORTFÖY İKİNCİ SERBEST ( DÖVİZ ) FON
GPF;GARANTİ PORTFÖY ÇOKLU VARLIK KATILIM FONU
GPG;INVEO PORTFÖY BİRİNCİ DEĞİŞKEN FON
GPI;GARANTİ PORTFÖY İKİNCİ DEĞİŞKEN FON
GPL;GARANTİ PORTFÖY BİRİNCİ SERBEST (DÖVİZ) FON
GPN;GARANTİ PORTFÖY PARA PİYASASI KATILIM (TL) FONU
GPT;AKTİF PORTFÖY ROBOTİK TEKNOLOJİLERİ DEĞİŞKEN FON
GPU;GARANTİ PORTFÖY ÜÇÜNCÜ DEĞİŞKEN FON
GPZ;GARANTİ PORTFÖY ÜÇÜNCÜ PARA PİYASASI FONU
GRL;QNB PORTFÖY AGRESİF SERBEST FON
GRO;GARANTİ PORTFÖY OTUZUNCU SERBEST (DÖVİZ) FON
GRT;GARANTİ PORTFÖY TEKNOLOJİ ŞİRKETLERİ HİSSE SENEDİ (TL) FONU (HİSSE SENEDİ YOĞUN FON)
GSP;AZİMUT PYŞ KAR PAYI ÖDEYEN HİSSE SENEDİ FONU (HİSSE SENEDİ YOĞUN FON)
GTA;GARANTİ PORTFÖY ALTIN FONU
GTF;AZİMUT PYŞ BİRİNCİ BORÇLANMA ARAÇLARI FONU
GTH;GARANTİ PORTFÖY İHRACATÇI ŞİRKETLER HİSSE SENEDİ (TL) FONU (HİSSE SENEDİ YOĞUN FON)
GTM;GARANTİ PORTFÖY TEMETTÜ ÖDEYEN ŞİRKETLER HİSSE SENEDİ (TL) FONU (HİSSE SENEDİ YOĞUN FON)
GTY;GARANTİ PORTFÖY TREND SERBEST FON
GTZ;GARANTİ PORTFÖY GÜMÜŞ FON SEPETİ FONU
GUB;GARANTİ PORTFÖY ÖZEL SEKTÖR BORÇLANMA ARAÇLARI FONU
GUH;GARANTİ PORTFÖY YABANCI TEKNOLOJİ HİSSE SENEDİ FONU
GUK;GARANTİ PORTFÖY GÜMÜŞ KATILIM SERBEST FON
GUM;AK PORTFÖY GÜMÜŞ FON SEPETI FONU
GUV;GARANTİ PORTFÖY UZUN VADELİ BORÇLANMA ARAÇLARI FONU
GVA;GARANTİ PORTFÖY ELEKTRİKLİ VE OTONOM ARAÇLAR DEĞİŞKEN FON
GVI;GARANTİ PORTFÖY ÜÇÜNCÜ FON SEPETİ FONU
GYK;INVEO PORTFÖY BORÇLANMA ARAÇLARI (TL) FONU
GZE;GARANTİ PORTFÖY EMTİA SERBEST FON
GZG;GARANTİ PORTFÖY SAĞLIK SEKTÖRÜ DEĞİŞKEN FON
GZH;GARANTİ PORTFÖY TEMİZ ENERJİ DEĞİŞKEN FON
GZJ;GARANTİ PORTFÖY İKİNCİ FON SEPETİ FONU
GZL;GARANTİ PORTFÖY TARIM VE GIDA SEKTÖRÜ DEĞİŞKEN FON
GZM;GLOBAL MD PORTFÖY DİNAMİK SERBEST (TL) FON
GZN;GLOBAL MD PORTFÖY BOĞAZİÇİ SERBEST FON
GZP;GARANTİ PORTFÖY BİRİNCİ FON SEPETİ FONU
GZR;GARANTİ PORTFÖY SÜRDÜRÜLEBİLİRLİK HİSSE SENEDİ FONU (HİSSE SENEDİ YOĞUN FON)
GZV;GARANTİ PORTFÖY ESG SÜRDÜRÜLEBİLİRLİK FON SEPETİ FONU
GZY;GARANTİ PORTFÖY TURİZM VE SEYAHAT SEKTÖRÜ DEĞİŞKEN FON
GZZ;GARANTİ PORTFÖY FİNANS SEKTÖRÜ DEĞİŞKEN FON
HAM;HEDEF PORTFÖY ALTIN KATILIM FONU
HAR;BV PORTFÖY HARMONY SERBEST FON
HAT;HEDEF PORTFÖY ATLAS İSTATİSTİKSEL ARBİTRAJ HİSSE SENEDİ SERBEST FON (HİSSE SENEDİ YOĞUN FON)
HBF;HSBC PORTFÖY ALTIN FONU
HBN;HSBC PORTFÖY BİRİNCİ FON SEPETİ FONU
HBU;HSBC PORTFÖY BİST 30 ENDEKSİ HİSSE SENEDİ FONU (HİSSE SENEDİ YOĞUN FON)
HDA;HEDEF PORTFÖY DÖRDÜNCÜ İSTATİSTİKSEL ARBİTRAJ HİSSE SENEDİ SERBEST (TL) FON (HİSSE SENEDİ YOĞUN FON)
HDK;HEDEF PORTFÖY VEGA İSTATİSTİKSEL ARBİTRAJ HİSSE SENEDİ SERBEST FON (HİSSE SENEDİ YOĞUN FON)
HEH;HEDEF PORTFÖY ALGO EVEREST İSTATİSTİKSEL ARBİTRAJ HİSSE SENEDİ SERBEST FON (HİSSE SENEDİ YOĞUN FON)
HFI;HEDEF PORTFÖY İKİNCİ KATILIM HİSSE SENEDİ SERBEST FON (HİSSE SENEDİ YOĞUN FON)
HFR;A1 CAPİTAL PORTFÖY HİSSE SENEDİ (TL) FONU (HİSSE SENEDİ YOĞUN FON)
HGM;HEDEF PORTFÖY İKİNCİ HİSSE SENEDİ (TL) FONU (HİSSE SENEDİ YOĞUN FON)
HGR;HEDEF PORTFÖY ALGORİTMİK STRATEJİLER SERBEST FON
HGV;HEDEF PORTFÖY BİRİNCİ SERBEST FON
HIA;HEDEF PORTFÖY İSTATİSTİKSEL ARBİTRAJ SERBEST FON
HIH;GARANTİ  PORTFÖY HOLDİNGLER VE İŞTİRAKLERİ HİSSE SENEDİ (TL) FONU (HİSSE SENEDİ YOĞUN FON)
HIM;HEDEF PORTFÖY İKİNCİ MUTLAK GETİRİ HEDEFLİ HİSSE SENEDİ SERBEST FON (HİSSE SENEDİ YOĞUN FON)
HIZ;AZİMUT PORTFÖY DİNAMİK DEĞİŞKEN FON
HJB;HEDEF PORTFÖY BİRİNCİ DEĞİŞKEN FON
HKG;ZİRAAT PORTFÖY HALK'IN ÜRETEN KADINLARI DEĞİŞKEN FON
HKH;HEDEF PORTFÖY KATILIM HİSSE SENEDİ (TL) FONU (HİSSE SENEDİ YOĞUN FON)
HKJ;HEDEF PORTFÖY PARA PİYASASI SERBEST FON
HKM;HEDEF PORTFÖY BAŞAK HİSSE SENEDİ SERBEST (TL) FON (HİSSE SENEDİ YOĞUN FON)
HKR;HSBC PORTFÖY KIRMIZI HİSSE SENEDİ SERBEST (TL) FON (HİSSE SENEDİ YOĞUN FON)
HMC;HEDEF PORTFÖY EKİNOKS SERBEST (TL) FON
HMG;HSBC PYŞ MUTLAK GETİRİ HEDEFLİ HİSSE SENEDİ SERBEST (TL) FON(HİSSE SENEDİ YOĞUN FON)
HML;HEDEF PORTFÖY KATILIM SERBEST (DÖVİZ) FON
HMS;HSBC PORTFÖY SÜRDÜRÜLEBİLİRLİK HİSSE SENEDİ (TL) FONU (HİSSE SENEDİ YOĞUN FON)
HNC;HEDEF PORTFÖY ÜÇÜNCÜ HİSSE SENEDİ FONU (HİSSE SENEDİ YOĞUN FON)
HOA;HSBC PORTFÖY TEKNOLOJİ DEĞİŞKEN FON
HOY;HSBC PORTFÖY YABANCI BYF FON SEPETI
HP3;HEDEF PORTFÖY LİDYA SERBEST (DÖVİZ) FON
HPD;HSBC PORTFÖY İKİNCİ DEĞİŞKEN FON
HPH;HEDEF PORTFÖY PARA PIYASASI KATILIM FONU
HPO;HSBC PORTFÖY ÇOKLU VARLIK BİRİNCİ DEĞİŞKEN FON
HPT;HSBC PORTFÖY KISA VADELİ BORÇLANMA ARAÇLARI (TL) FONU
HRZ;AKTİF PORTFÖY BIST HALKA ARZ ŞİRKETLERİ HİSSE SENEDİ (TL) FONU (HİSSE SENEDİ YOĞUN FON)
HSA;HSBC PORTFÖY DEĞİŞKEN (TL) FON
HSL;HSBC PORTFÖY PARA PİYASASI (TL) FONU
HST;HSBC PORTFÖY  BORÇLANMA ARAÇLARI (TL) FONU
HTF;HSBC PORTFÖY PARA PİYASASI SERBEST (TL) FON
HTJ;HEDEF PORTFÖY TEKNOLOJİ DEĞİŞKEN FON
HTS;HSBC PORTFÖY ALTINCI SERBEST (DÖVİZ) FON
HVI;DENİZ PORTFÖY HOLDİNGLER VE İŞTİRAKLERİ HİSSE SENEDİ (TL) FONU (HİSSE SENEDİ YOĞUN FON)
HVK;HEDEF PORTFÖY BİRİNCİ BORÇLANMA ARAÇLARI (TL) FONU
HVS;HSBC PORTFÖY HİSSE SENEDİ (TL) FONU (HİSSE SENEDİ YOĞUN FON)
HVT;ALLBATROSS PORTFÖY BİRİNCİ PARA PİYASASI (TL) FONU
HVU;ALLBATROSS PORTFÖY BİRİNCİ DEĞİŞKEN FON
HVZ;ALLBATROSS PORTFÖY BİRİNCİ HİSSE SENEDİ (TL) FONU (HİSSE SENEDİ YOĞUN FON)
HYP;AZİMUT PORTFÖY İVME SERBEST FON
HYU;HSBC PORTFÖY KISA VADELİ SERBEST (TL) FON
HYV;HEDEF PORTFÖY PARA PİYASASI (TL) FONU
IAE;İSTANBUL PORTFÖY AGRESİF DEĞİŞKEN FON
IAM;İŞ PORTFÖY AGRESİF FON SEPETİ FONU
IAT;İŞ PORTFÖY KİRA SERTİFİKALARI KATILIM (TL) FONU
IAU;PARDUS PORTFÖY İKİNCİ İSTATİSTİKSEL ARBİTRAJ HİSSE SENEDİ SERBEST (TL) FON (HİSSE SENEDİ YOĞUN FON)
IAY;INVEO PORTFÖY ALTIN KATILIM FONU
IBB;İŞ PORTFÖY ATAK DEĞİŞKEN FON
ICA;ICBC TURKEY PORTFÖY ALTIN FONU
ICC;ICBC TURKEY PORTFÖY İKİNCİ DEĞİŞKEN FON
ICD;ICBC TURKEY PORTFÖY BİRİNCİ DEĞİŞKEN FON
ICE;ICBC TURKEY PORTFOY PARA PİYASASI (TL) FONU
ICF;ICBC TURKEY PORTFÖY HİSSE SENEDİ FONU(HİSSE SENEDİ YOĞUN FON)
ICH;PARDUS PORTFÖY İKİNCİ DEĞİŞKEN FON
ICS;ICBC TURKEY PORTFÖY SERBEST (DÖVİZ) FON
ICV;ICBC TURKEY PORTFÖY BİRİNCİ SERBEST FON
ICZ;AK PORTFÖY TEKNOLOJİ ŞİRKETLERİ HİSSE SENEDİ (TL) FONU (HİSSE SENEDİ YOĞUN FON)
IDD;LOGOS PORTFÖY DİNAMİK DAĞIMLI SERBEST FON
IDF;İŞ PORTFÖY SERBEST (DÖVİZ) FON
IDH;İŞ PORTFÖY BIST 100 DIŞI ŞİRKETLER HİSSE SENEDİ (TL) FONU (HİSSE SENEDİ YOĞUN FON)
IDI;AZİMUT PORTFÖY İNŞAAT SEKTÖRÜ HİSSE SENEDİ FONU (HİSSE SENEDİ YOĞUN FON)
IDL;AKTİF PORTFÖY PARA PİYASASI (TL) FONU
IDO;İŞ PORTFÖY ONDOKUZUNCU SERBEST (DÖVİZ-AVRO) FON
IDY;TEB PORTFÖY İKİNCİ DEĞİŞKEN FON
IEN;İSTANBUL PORTFÖY İNŞAAT SEKTÖRÜ HİSSE SENEDİ SERBEST (TL) FON (HİSSE SENEDİ YOĞUN FON)
IEV;İŞ PORTFÖY TAŞIMACILIK DEĞİŞKEN FON
IFN;ICBC TURKEY PORTFÖY SÜRDÜRÜLEBİLİRLİK HİSSE SENEDİ FONU(HİSSE SENEDİ YOĞUN FON)
IFV;ICBC TURKEY PORTFÖY BİRİNCİ KISA VADELİ BORÇLANMA ARAÇLARI (TL) FONU
IHA;ALLBATROSS PORTFÖY İKİNCİ HİSSE SENEDİ (TL) FONU (HİSSE SENEDİ YOĞUN FON)
IHC;INVEO PORTFÖY INTER SERBEST FON
IHK;İŞ PORTFÖY İŞ'TE KADIN HİSSE SENEDİ (TL) FONU (HİSSE SENEDİ YOĞUN FON)
IHP;İSTANBUL PORTFÖY İKİNCİ HİSSE SENEDİ SERBEST (TL) FON (HİSSE SENEDİ YOĞUN FON)
IHT;İŞ PORTFÖY İHRACATÇI ŞİRKETLER HİSSE SENEDİ (TL) FONU (HİSSE SENEDİ YOĞUN FON)
IHZ;ALLBATROSS PORTFÖY İKİNCİ HİSSE SENEDİ SERBEST FON (HİSSE SENEDİ YOĞUN FON)
IIE;İSTANBUL PORTFÖY ONDÖRDÜNCÜ SERBEST FON
IIH;İSTANBUL PORTFÖY ÜÇÜNCÜ HİSSE SENEDİ FONU (HİSSE SENEDİ YOĞUN FON)
IIN;INVEO PORTFÖY PARA PİYASASI SERBEST (TL) FON
IJA;INVEO PORTFÖY ATAK DEĞİŞKEN FON
IJB;İŞ PORTFÖY DİJİTAL OYUN SEKTÖRÜ KARMA FON
IJC;İŞ PORTFÖY YARI İLETKEN TEKNOLOJİLERİ DEĞİŞKEN FON
IJH;ICBC TURKEY PORTFÖY BİRİNCİ FON SEPETİ FONU
IJP;İŞ PORTFÖY BLOCKCHAİN TEKNOLOJİLERİ KARMA FON
IJT;İŞ PORTFÖY TARIM SERBEST FON
IJV;İSTANBUL PORTFÖY BİRİNCİ PARA PİYASASI (TL) FONU
IJZ;İŞ PORTFÖY SİBER GÜVENLİK TEKNOLOJİLERİ DEĞİŞKEN FON
IKL;İŞ PORTFÖY SAĞLIK ŞİRKETLERİ KARMA FON
IKP;İŞ PORTFÖY YENİLENEBİLİR ENERJİ KARMA FON
IKV;İŞ PORTFÖY İKİNCİ KISA VADELİ BORÇLANMA ARAÇLARI (TL) FONU
ILZ;İŞ PORTFÖY TEMKİNLİ FON SEPETİ FONU
IMB;İSTANBUL PORTFÖY ALGORİTMİK MODEL HİSSE SENEDİ FONU (HİSSE SENEDİ YOĞUN FON)
IMF;İSTANBUL PORTFÖY MAESTRO SERBEST FON
IML;İŞ PORTFÖY MODEL PORTFÖY HİSSE SENEDİ (TL) FONU (HİSSE SENEDİ YOĞUN FON)
IOG;İŞ PORTFÖY GÜMÜŞ SERBEST FON
IOO;İŞ PORTFÖY İKİNCİ PARA PİYASASI (TL) FONU
IPB;İSTANBUL PORTFÖY BİRİNCİ DEĞİŞKEN FON
IPG;İŞ PORTFÖY ATAK FON SEPETİ FONU
IPJ;İŞ PORTFÖY ELEKTRİKLİ ARAÇLAR KARMA FON
IPV;İŞ PORTFÖY EUROBOND BORÇLANMA ARAÇLARI (DÖVİZ) FONU
IRF;İSTANBUL PORTFÖY BİRİNCİ FON SEPETİ FONU
IRO;İSTANBUL PORTFÖY ROBOTİK TEKNOLOJİLERİ SERBEST FON
IRT;INVEO PORTFÖY TEKNOLOJİ DEĞİŞKEN FON
IRV;İSTANBUL PORTFÖY İSTATİSTİKSEL ARBİTRAJ SERBEST FON
IRY;INVEO PORTFÖY PARA PİYASASI (TL) FONU
IST;İSTANBUL PORTFÖY KISA VADELİ BORÇLANMA ARAÇLARI (TL) FONU
ITP;İŞ PORTFÖY TEKNOLOJİ KARMA FON
IUF;İŞ PORTFÖY YEDİNCİ SERBEST (DÖVİZ-AVRO) FON
IUH;INVEO PORTFÖY DÖNÜŞTÜRÜCÜ TEKNOLOJİLER FON SEPETİ FONU
IUV;İŞ PORTFÖY BEŞİNCİ SERBEST (DÖVİZ)  FON
IV8;INVEO PORTFÖY KİRA SERTİFİKALARI KATILIM FONU
IVF;İSTANBUL PORTFÖY KATILIM HİSSE SENEDİ (TL) FONU (HİSSE SENEDİ YOĞUN FON)
IVY;İSTANBUL PORTFÖY BLOCKCHAIN TEKNOLOJİLERİ DEĞİŞKEN FON
IYB;AURA PORTFÖY DEĞİŞKEN FONU
IZB;İSTANBUL PORTFÖY BİRİNCİ FON SEPETİ SERBEST FON
IZS;İSTANBUL PORTFÖY ALTINCI SERBEST FON
JET;ATA PORTFÖY HAVACILIK VE SAVUNMA TEKNOLOJİLERİ DEĞİŞKEN FON
JUP;AURA PORTFÖY JÜPİTER SERBEST (DÖVİZ) FON
KAV;KUVEYT TÜRK PORTFÖY ALTINCI KATILIM SERBEST (DÖVİZ-AVRO) FON
KCL;KARE PORTFÖY ÇOKLU VARLIK KATILIM FONU
KCV;KUVEYT TÜRK PORTFÖY ÇOKLU VARLIK KATILIM FONU
KDE;KUVEYT TÜRK PORTFÖY DENGELİ KATILIM FONU
KDL;KUVEYT TÜRK PORTFÖY BEŞİNCİ KATILIM SERBEST (DÖVİZ) FON
KDO;İŞ PORTFÖY KATILIM SERBEST (DÖVİZ-AVRO) FON
KDT;GARANTİ PORTFÖY KATILIM SERBEST (DÖVİZ) FON
KGM;KUVEYT TÜRK PORTFÖY GÜMÜŞ KATILIM FON SEPETİ FONU
KH1;AK PORTFÖY KATILIM HİSSE SENEDİ FONU (HİSSE SENEDİ YOĞUN FON)
KHA;PARDUS PORTFÖY İKİNCİ HİSSE SENEDİ (TL) FONU (HİSSE SENEDİ YOĞUN FON)
KHB;KARE PORTFÖY BIST 100 DIŞI ŞİRKETLER HİSSE SENEDİ FONU (HİSSE SENEDİ YOĞUN FON)
KHC;PARDUS PORTFÖY KATILIM HİSSE SENEDİ (TL) FONU (HİSSE SENEDİ YOĞUN FON)
KHJ;ATLAS PORTFÖY KATILIM HİSSE SENEDİ FONU (HİSSE SENEDİ YOĞUN FON)
KHT;ALLBATROSS PORTFÖY KARTAL HİSSE SENEDİ SERBEST (TL) FON (HİSSE SENEDİ YOĞUN FON)
KIA;TRIVE PORTFÖY MUTLAK GETİRİ HEDEFLİ DEĞİŞKEN FON
KIB;TRIVE PORTFÖY ROBOTİK TEKNOLOJİLERİ DEĞİŞKEN FON
KIE;TRIVE PORTFÖY PARA PİYASASI (TL) FONU
KIH;KARE PORTFÖY İSTATİSTİKSEL ARBİTRAJ HİSSE SENEDİ SERBEST FON (HİSSE SENEDİ YOĞUN FON)
KIK;KUVEYT TÜRK PORTFÖY İKİNCİ KATILIM FONU
KIS;QİNVEST PORTFÖY KİRA SERTİFİKASI KATILIM (DÖVİZ) FONU
KKC;KARE PORTFÖY KATILIM SERBEST (DÖVİZ-AVRO) FON
KKH;İŞ PORTFÖY DENGELİ FON SEPETİ FONU
KKL;ALLBATROSS PORTFÖY KISA VADELİ KATILIM SERBEST (TL) FON
KLH;ATLAS PORTFÖY KATILIM HİSSE SENEDİ SERBEST FON (HİSSE SENEDİ YOĞUN FON)
KLS;ALLBATROSS PORTFÖY KATILIM SERBEST (DÖVİZ) FON
KLU;KUVEYT TÜRK PORTFÖY PARA PİYASASI KATILIM (TL) FONU
KME;KUVEYT TÜRK PORTFÖY TEMKİNLİ KATILIM FONU
KMF;AZİMUT PORTFÖY ALTIN KATILIM FONU
KNI;AZİMUT PORTFÖY İKİNCİ PARA PİYASASI SERBEST (TL) FON
KNJ;KUVEYT TÜRK PORTFÖY ENERJİ KATILIM FONU
KOT;AZİMUT PORTFÖY KOÇ TOPLULUĞU ŞİRKETLERİ HİSSE SENEDİ FONU (HİSSE SENEDİ YOĞUN FON)
KP3;KARE PORTFÖY ÜÇÜNCÜ SERBEST (DÖVİZ) FON
KPA;KUVEYT TÜRK PORTFÖY KAR PAYI ÖDEYEN KATILIM HİSSE SENEDİ FONU (HİSSE SENEDİ YOĞUN FON)
KPC;KUVEYT TÜRK PORTFÖY KATILIM HİSSE SENEDİ (TL) FONU (HİSSE SENEDİ YOĞUN FON)
KPD;KUVEYT TÜRK PORTFÖY KAR PAYI ÖDEYEN KATILIM SERBEST (DÖVİZ) FON
KPF;NEO PORTFÖY MUTLAK GETİRİ HEDEFLİ HİSSE SENEDİ SERBEST FON (HİSSE SENEDİ YOĞUN FON)
KPH;İŞ PORTFÖY KAR PAYI ÖDEYEN HİSSE SENEDİ (TL) FONU (HİSSE SENEDİ YOĞUN FON)
KPI;İŞ PORTFÖY PARA PİYASASI KATILIM (TL) FONU
KPP;KARE PORTFÖY PARA PİYASASI FONU
KPU;KUVEYT TÜRK PORTFÖY İKİNCİ KATILIM HİSSE SENEDİ (TL) FONU (HİSSE SENEDİ YOĞUN FON)
KRC;KARE PORTFÖY BİRİNCİ BORÇLANMA ARAÇLARI FONU
KRF;KARE PORTFÖY BİRİNCİ DEĞİŞKEN FON
KRS;KARE PORTFÖY SERBEST (DÖVİZ) FON
KRT;KARE PORTFÖY TÜRKİYE ODAKLI SERBEST (DÖVİZ ) FON
KSA;HEDEF PORTFÖY KISA VADELİ SERBEST (TL) FON
KSK;AZİMUT PORTFÖY İKİNCİ PARA PİYASASI KATILIM FONU
KSR;KUVEYT TÜRK PORTFÖY SÜRDÜRÜLEBİLİRLİK KATILIM FONU
KST;ALLBATROSS PORTFÖY KATILIM HİSSE SENEDİ (TL) FONU (HİSSE SENEDİ YOĞUN FON)
KSV;KUVEYT TÜRK PORTFÖY KISA VADELİ KATILIM SERBEST (TL) FON
KTI;AZİMUT PORTFÖY KATILIM HİSSE SENEDİ FONU (HİSSE SENEDİ YOĞUN FON)
KTJ;KUVEYT TÜRK PORTFÖY TEKNOLOJİ KATILIM FONU
KTM;KUVEYT TÜRK PORTFÖY BİRİNCİ KATILIM (TL) FONU
KTN;KUVEYT TÜRK PORTFÖY KİRA SERTİFİKALARI KATILIM (TL) FONU
KTR;KUVEYT TÜRK PORTFÖY BİRİNCİ KATILIM SERBEST (TL) FON
KTS;KUVEYT TÜRK PORTFÖY KATILIM HİSSE SENEDİ SERBEST FON (HİSSE SENEDİ YOĞUN FON)
KTT;KUVEYT TÜRK PORTFÖY DÖRDÜNCÜ KATILIM SERBEST (DÖVİZ) FON
KTV;KUVEYT TÜRK PORTFÖY KISA VADELİ KİRA SERTİFİKALARI KATILIM (TL) FONU
KUA;KUVEYT TÜRK PORTFÖY AGRESİF KATILIM FONU
KUB;KARE PORTFÖY DEĞİŞKEN  (DÖVİZ) FONU
KUD;KUVEYT TÜRK PORTFÖY DİNAMİK KATILIM FONU
KUT;KUVEYT TÜRK PORTFÖY KIYMETLİ MADENLER KATILIM FONU
KVK;HEDEF PORTFÖY KATILIM İSTATİSTİKSEL ARBİTRAJ SERBEST FON
KVS;AZİMUT PORTFÖY KISA VADELİ SERBEST (TL) FON
KVT;AK PORTFÖY ENERJİ ŞİRKETLERİ HİSSE SENEDİ (TL) FONU (HİSSE SENEDİ YOĞUN FON)
KYA;KARE PORTFÖY HİSSE SENEDİ FONU(HİSSE SENEDİ YOĞUN FON)
KYS;KARE PORTFÖY YEDİNCİ SERBEST (DÖVİZ) FON
KZL;KUVEYT TÜRK PORTFÖY ALTIN KATILIM FONU
KZU;KUVEYT TÜRK PORTFÖY İKİNCİ ALTIN KATILIM FONU
LID;ALLBATROSS PORTFÖY İKİNCİ DEĞİŞKEN FON
LLA;ALLBATROSS PORTFÖY AYDIN HİSSE SENEDİ SERBEST (TL) FON (HİSSE SENEDİ YOĞUN FON)
LPH;STATECH PORTFÖY İKİNCİ ALPHA SERBEST FON
MAC;MARMARA CAPITAL PORTFÖY HİSSE SENEDİ (TL) FONU (HİSSE SENEDİ YOĞUN FON)
MAD;MEKSA PORTFÖY BİRİNCİ DEĞİŞKEN FON
MBL;MEKSA PORTFÖY İKİNCİ DEĞİŞKEN FON
MBR;MT PORTFÖY BİRİNCİ BORÇLANMA ARAÇLARI FONU
MCU;AZİMUT PORTFÖY MUTLAK GETİRİ HEDEFLİ HİSSE SENEDİ SERBEST FON (HİSSE SENEDİ YOĞUN FON)
MD1;MT PORTFÖY BİRİNCİ DEĞİŞKEN FON
MD2;MT PORTFÖY İKİNCİ DEĞİŞKEN FON
MDF;FİBA PORTFÖY MODEL EMTİA FON SEPETİ SERBEST FON
MET;GARANTİ PORTFÖY METAVERSE VE YENİ TEKNOLOJİLER DEĞİŞKEN FON
MGB;İŞ PORTFÖY MUTLAK GETİRİ HEDEFLİ HİSSE SENEDİ SERBEST FON (HİSSE SENEDİ YOĞUN FON)
MGH;TEB PORTFÖY MUTLAK GETİRİ HEDEFLİ HİSSE SENEDİ SERBEST FON (HİSSE SENEDİ YOĞUN FON)
MHF;MT PORTFÖY BIST HALKA ARZ ŞİRKETLERİ HİSSE SENEDİ FONU (HİSSE SENEDİ YOĞUN FON)
MJB;AKTİF PORTFÖY BİRİNCİ FON SEPETİ FONU
MJG;AKTİF PORTFÖY GÜMÜŞ FON SEPETİ FONU
MJL;AKTİF PORTFÖY AKTİF SERBEST (DÖVİZ-AVRO) FON
MKA;MARMARA CAPİTAL PORTFÖY KATILIM HİSSE SENEDİ (TL) FONU (HİSSE SENEDİ YOĞUN FON)
MKG;AKTİF PORTFÖY ALTIN KATILIM FONU
MLT;DENİZ PORTFÖY MELTEM HİSSE SENEDİ SERBEST (TL) FON (HİSSE SENEDİ YOĞUN FON)
MMH;AKTİF PORTFÖY BIST 30 ENDEKSİ HİSSE SENEDİ (TL) FONU (HİSSE SENEDİ YOĞUN FON)
MOZ;EMAA BLUE PORTFÖY MOZAİK SERBEST FON
MPE;MT PORTFÖY PARA PİYASASI KATILIM (TL) FONU
MPF;AKTİF PORTFÖY KISA VADELİ KİRA SERTİFİKASI KATILIM (TL) FONU
MPK;AKTİF PORTFÖY KİRA SERTİFİKASI KATILIM (TL) FONU
MPL;MT PORTFÖY PARA PİYASASI (TL) FONU
MPN;AKTİF PORTFÖY İKİNCİ AKTİF SERBEST (DÖVİZ) FON
MPP;MEKSA PORTFÖY PRİME SERBEST FON
MPS;AKTİF PORTFÖY KATILIM HİSSE SENEDİ (TL) FONU (HİSSE SENEDİ YOĞUN FON)
MRI;TEB PORTFÖY MERİDYEN SERBEST FON
MT1;MT PORTFÖY BİRİNCİ SERBEST (DÖVİZ) FON
MT2;MT PORTFÖY PARA PİYASASI SERBEST (TL) FON
MTD;BV PORTFÖY MALZEME TEKNOLOJİLERİ DEĞİŞKEN FON
MTF;MT PORTFÖY BİRİNCİ İSTATİSTİKSEL ARBİTRAJ HİSSE SENEDİ SERBEST (TL) FON (HİSSE SENEDİ YOĞUN FON)
MTG;DENİZ PORTFÖY MUTLAK GETİRİ HEDEFLİ HİSSE SENEDİ SERBEST FON (HİSSE SENEDİ YOGUN FON)
MTH;MT PORTFÖY BİRİNCİ HİSSE SENEDİ FONU (HİSSE SENEDİ YOĞUN FON)
MTK;MT PORTFÖY KATILIM HİSSE SENEDİ (TL) FONU (HİSSE SENEDİ YOĞUN FON)
MTS;AKTİF PORTFÖY TARIM VE SÜRDÜRÜLEBİLİRLİK FON SEPETİ FONU
MTV;AK PORTFÖY METAVERSE VE DİJİTAL YAŞAM TEKNOLOJİLERİ DEĞİŞKEN FON
MTX;TEB PORTFÖY METAVERSE VE DİJİTAL TEKNOLOJİLER DEĞİŞKEN FON
MUT;GARANTİ PORTFÖY MUTLAK GETİRİ HEDEFLİ HİSSE SENEDİ SERBEST FON (HİSSE SENEDİ YOĞUN FON)
NAU;NEO PORTFÖY ALTIN FONU
NBO;NEO PORTFÖY BORÇLANMA ARACI FONLARI FON SEPETİ FONU
NBZ;NEO PORTFÖY BİRİNCİ SERBEST (DÖVİZ) FON
NCS;NUROL PORTFÖY ÜÇÜNCÜ SERBEST (DÖVİZ) FON
NFF;NEO PORTFÖY FON SEPETİ SERBEST FON
NHP;NEO PORTFÖY BİRİNCİ FON SEPETİ FONU
NHY;NEO PORTFÖY BİRİNCİ HİSSE SENEDİ (TL) FONU (HİSSE SENEDİ YOĞUN FON)
NJF;NUROL PORTFÖY ALTIN KATILIM FONU
NJR;NUROL PORTFÖY BİRİNCİ BORÇLANMA ARAÇLARI FONU
NJY;NUROL PORTFÖY BİRİNCİ KATILIM FONU
NKA;NEO PORTFÖY KATILIM SERBEST (DÖVİZ) FON
NKC;NEO PORTFÖY İKİNCİ HİSSE SENEDİ FONU (HİSSE SENEDİ YOĞUN FON)
NKP;NEO PORTFÖY KAR PAYI ÖDEYEN DEĞİŞKEN FON
NLE;NUROL PORTFÖY EMLAK SEKTÖRÜ HİSSE SENEDİ FONU (HİSSE SENEDİ YOĞUN FON)
NLK;NUROL PORTFÖY KISA VADELİ SERBEST FON
NME;NUROL PORTFÖY MERCAN KATILIM SERBEST (DÖVİZ) FON
NNF;HEDEF PORTFÖY BİRİNCİ HİSSE SENEDİ (TL) FONU (HİSSE SENEDİ YOĞUN FON)
NOI;TACİRLER PORTFÖY NOVA İSTATİSTİKSEL ARBİTRAJ SERBEST FON
NPH;NUROL PORTFÖY BİRİNCİ HİSSE SENEDİ FONU (HİSSE SENEDİ YOĞUN FON)
NRC;NEO PORTFÖY BİRİNCİ DEĞİŞKEN FON
NRG;NEO PORTFÖY BİRİNCİ PARA PİYASASI FONU
NSA;NEO PORTFÖY PARA PİYASASI KATILIM SERBEST FON
NSD;NUROL PORTFÖY DÖRDÜNCÜ SERBEST (DÖVİZ) FON
NSH;NUROL PORTFÖY İSTATİSTİKSEL ARBİTRAJ HİSSE SENEDİ SERBEST FON (HİSSE SENEDİ YOĞUN FON)
NSK;NEO PORTFÖY BİRİNCİ SERBEST FON
NSP;NUROL PORTFÖY PARA PİYASASI KATILIM FONU
NST;İŞ PORTFÖY İNŞAAT SEKTÖRÜ HİSSE SENEDİ FONU (HİSSE SENEDİ YOĞUN FON)
NTI;NEO PORTFÖY TEKNOLOJİ VE İNOVASYON DEĞİŞKEN FON
NUB;NUROL PORTFÖY BEŞİNCİ SERBEST (DÖVİZ) FON
NUH;NEO PORTFÖY ÜÇÜNCÜ HİSSE SENEDİ FONU (HİSSE SENEDİ YOĞUN FON)
NVB;NEO PORTFÖY İKİNCİ PARA PİYASASI (TL) FON
NVC;NEO PORTFÖY VENTO SERBEST FON
NVK;INVEO PORTFÖY KATILIM SERBEST (DÖVİZ) FON
NVT;NEO PORTFÖY ÜÇÜNCÜ SERBEST (TL) FON
NVZ;NEO PORTFÖY ORSA SERBEST (DÖVİZ) FON
NZH;NEO PORTFÖY İKİNCİ DEĞİŞKEN FON
NZT;NEO PORTFÖY PARA PİYASASI SERBEST FON
NZU;NUROL PORTFÖY ZÜMRÜT KATILIM SERBEST (DÖVİZ) FON
OBI;OYAK PORTFÖY İKİNCİ BORÇLANMA ARAÇLARI (TL) FONU
OBP;OYAK PORTFÖY İKİNCİ DEĞİŞKEN FON
ODD;OYAK PORTFÖY DÖRDÜNCÜ SERBEST FON
ODP;OSMANLI PORTFÖY BİRİNCİ SERBEST FON
ODS;OYAK PORTFÖY İKİNCİ SERBEST(DÖVİZ) FON
ODV;AK PORTFÖY ÜÇÜNCÜ FON SEPETİ FONU
OFI;OYAK PORTFÖY İKİNCİ FON SEPETİ FONU
OFS;OYAK PORTFÖY BİRİNCİ FON SEPETİ FONU
OGD;OYAK PORTFÖY ALTIN KATILIM FONU
OHB;OYAK PORTFÖY BİRİNCİ HİSSE SENEDİ (TL) FONU (HİSSE SENEDİ YOĞUN FON)
OHK;OYAK PORTFÖY KATILIM HİSSE SENEDİ (TL) FONU (HİSSE SENEDİ YOĞUN FON)
OIL;OSMANLI PORTFÖY AGRESİF FON SEPETİ FONU
OIR;OSMANLI PORTFÖY DENGELİ FON SEPETİ FONU
OJB;QNB PORTFÖY BEŞİNCİ SERBEST (DÖVİZ) FON
OJK;QNB PORTFÖY ALTIN FONU
OJT;QNB PORTFÖY TEKNOLOJİ FON SEPETİ FONU
OKD;OYAK PORTFÖY BİRİNCİ DEĞİŞKEN FON
OKP;OYAK PORTFÖY BİRİNCİ KISA VADELİ BORÇLANMA ARAÇLARI (TL) FONU
OKT;OYAK PORTFÖY BİRİNCİ BORÇLANMA ARAÇLARI FONU
OLA;OSMANLI PORTFÖY İKİNCİ SERBEST (DÖVİZ- AVRO) FON
OLD;QNB PORTFÖY TEMİZ ENERJİ VE SU FON SEPETİ FONU
OLE;OSMANLI PORTFÖY BİRİNCİ FON SEPETİ FONU
OMG;AZİMUT PORTFÖY İKİNCİ HİSSE SENEDİ FONU (HİSSE SENEDİ YOĞUN FON)
ONE;AKTİF PORTFÖY BİRİNCİ HİSSE SENEDİ SERBEST (TL) FON (HİSSE SENEDİ YOĞUN FON)
ONK;AK PORTFÖY ONİKİNCİ SERBEST (DÖVİZ-AVRO) FON
ONN;AKTİF PORTFÖY AKTİF ONİKS SERBEST (TL) FON
ONS;İŞ PORTFÖY ONİKİNCİ SERBEST (DÖVİZ) FON
OPB;OSMANLI PORTFÖY BİRİNCİ DEĞİŞKEN FON
OPD;OSMANLI PORTFÖY ANKA SERBEST FON
OPF;OSMANLI PORTFÖY AGRESİF DEĞİŞKEN FON
OPH;OSMANLI PORTFÖY BİRİNCİ HİSSE SENEDİ FONU(HİSSE SENEDİ YOĞUN FON)
OPI;OSMANLI PORTFÖY İKİNCİ HİSSE SENEDİ FONU(HİSSE SENEDİ YOĞUN FON)
OPL;OSMANLI PORTFÖY İKİNCİ DEĞİŞKEN FON
ORC;QINVEST PORTFÖY ALFA SERBEST FON
OSD;OSMANLI PORTFÖY ÖZEL SEKTÖR BORÇLANMA ARAÇLARI FONU
OSL;OSMANLI PORTFÖY KISA VADELİ BORÇLANMA ARAÇLARI (TL) FONU
OTJ;OYAK PORTFÖY KIYMETLİ MADENLER FON SEPETİ FONU
OTK;OYAK PORTFÖY BİRİNCİ KATILIM SERBEST FON
OTM;AZİMUT PORTFÖY OTOMOTİV SEKTÖRÜ DEĞİŞKEN FON
OUD;OSMANLI PORTFÖY ATLANTİK SERBEST (DÖVİZ) FON
OVD;QNB PORTFÖY EMTİA FON SEPETİ FONU
P1A;A1 CAPİTAL PORTFÖY PARA PİYASASI (TL) SERBEST FON
PAB;A1 CAPİTAL PORTFÖY PARA PİYASASI (TL) FONU
PAF;PARDUS PORTFÖY ALTIN FONU
PAL;AK PORTFÖY ALTINCI SERBEST(DÖVİZ) FON
PAO;PARDUS PORTFÖY ANADOLU HİSSE SENEDİ SERBEST FON (HİSSE SENEDİ YOĞUN FON)
PBI;PARDUS PORTFÖY BİRİNCİ FON SEPETİ FONU
PBK;QİNVEST PORTFÖY BİRİNCİ KATILIM SERBEST(DÖVİZ) FON
PBN;PİRAMİT PORTFÖY BİRİNCİ HİSSE SENEDİ SERBEST FON (HİSSE SENEDİ YOĞUN FON)
PBR;PUSULA PORTFÖY BİRİNCİ DEĞİŞKEN FON
PCE;PARDUS PORTFÖY İNCİ SERBEST FON
PDD;QİNVEST PORTFÖY KATILIM FONU
PDF;QİNVEST PORTFÖY BİRİNCİ SERBEST (DÖVİZ) FON
PEA;PERFORM PORTFÖY ALTIN FONU
PFO;PHİLLİP PORTFÖY FON SEPETİ FONU
PFS;ATLAS PORTFÖY FON SEPETİ FONU
PGD;QİNVEST PORTFÖY AGRESİF DEĞİŞKEN FON
PGS;AZİMUT PORTFÖY PAY GERİ ALIMI YAPAN ŞİRKETLER HİSSE SENEDİ FONU (HİSSE SENEDİ YOĞUN FON)
PHE;PUSULA PORTFÖY HİSSE SENEDİ FONU (HİSSE SENEDİ YOĞUN FON)
PHI;PİRAMİT PORTFÖY HİSSE SENEDİ FONU (HİSSE SENEDİ YOĞUN FON)
PHK;PHİLLİP PORTFÖY KATILIM HİSSE SENEDİ FONU (HİSSE SENEDİ YOĞUN FON)
PID;PİRAMİT PORTFÖY DEĞİŞKEN FON
PIL;ROTA PORTFÖY PİL TEKNOLOJİLERİ VE ENERJİ FON SEPETİ FONU
PIP;GARANTİ PORTFÖY İKİNCİ PARA PİYASASI SERBEST (TL) FON
PIR;PİRAMİT PORTFÖY ALTIN FONU
PIS;PARDUS PORTFÖY İKİNCİ KISA VADELİ SERBEST (TL) FON
PJL;PHİLLİP PORTFÖY PARA PİYASASI FONU
PJP;PERFORM PORTFÖY BİRİNCİ SERBEST (DÖVİZ) FON
PKD;PUSULA PORTFÖY İKİNCİ DENGE KATILIM SERBEST FON
PKF;ATA PORTFÖY ALTIN KATILIM FONU
PKR;ROTA PORTFÖY PARA PİYASASI KATILIM FONU
PKT;YAPI KREDİ PORTFÖY PARA PİYASASI KATILIM SERBEST (TL) FON
PKV;PARDUS PORTFÖY KISA VADELİ SERBEST (TL) FON
PLR;OSMANLI PORTFÖY PARA PİYASASI FONU
PMP;PARDUS PORTFÖY MODEL PORTFÖY HİSSE SENEDİ SERBEST FON (HİSSE SENEDİ YOĞUN FON)
POS;PARDUS PORTFÖY ONBEŞİNCİ HİSSE SENEDİ SERBEST (TL) FON (HİSSE SENEDİ YOĞUN FON)
PP1;PARDUS PORTFÖY BİRİNCİ KATILIM FONU
PPB;PHİLLİP PORTFÖY BİRİNCİ HİSSE SENEDİ FONU (HİSSE SENEDİ YOĞUN FON)
PPE;PHİLLİP PORTFÖY SERBEST (DÖVİZ) FON
PPG;ALBARAKA PORTFÖY PARA PİYASASI KATILIM FONU
PPH;PARDUS PORTFÖY BIST 100 DIŞI ŞİRKETLER HİSSE SENEDİ (TL) FONU (HİSSE SENEDİ YOĞUN FON)
PPI;YAPI KREDİ PORTFÖY ÜÇÜNCÜ PARA PİYASASI (TL) FONU
PPJ;AK PORTFÖY İKİNCİ PARA PİYASASI SERBEST (TL) FON
PPK;QNB PORTFÖY PARA PİYASASI KATILIM (TL) FONU
PPM;PİRAMİT PORTFÖY MUTLAK GETİRİ HEDEFLİ HİSSE SENEDİ SERBEST FON (HİSSE SENEDİ YOĞUN FON)
PPN;NUROL PORTFÖY PARA PİYASASI (TL) FONU
PPP;PERFORM PORTFÖY PARA PİYASASI (TL) FONU
PPS;PHİLLİP PORTFÖY BİRİNCİ SERBEST FON
PPT;ATLAS PORTFÖY PARA PİYASASI (TL) FONU
PPZ;AZİMUT PORTFÖY PARA PİYASASI (TL) FONU
PRD;PİRAMİT PORTFÖY PARA PİYASASI (TL) FONU
PRH;AURA PORTFÖY PARA PİYASASI (TL) FONU
PRR;INVEO PORTFÖY PARA PİYASASI KATILIM (TL) FONU
PRU;ALLBATROSS PORTFÖY KISA VADELİ SERBEST (TL) FON
PRV;QINVEST PORTFÖY PARA PİYASASI SERBEST FON
PRY;PUSULA PORTFÖY PARA PİYASASI (TL) FONU
PSE;ATLAS PORTFÖY PARA PİYASASI SERBEST FON
PSL;AZİMUT PORTFÖY 8.0 SERBEST FON
PTE;TEB PORTFÖY BİRİNCİ PARA PİYASASI SERBEST (TL) FON
PTF;QNB PORTFÖY TREND SERBEST FON
PTN;PHİLLİP PORTFÖY ALTIN FONU
PTO;PARDUS PORTFÖY TEMETTÜ ÖDEYEN ŞİRKETLER HİSSE SENEDİ FONU (HİSSE SENEDİ YOĞUN FON)
PTS;QNB PORTFÖY PARA PİYASASI SERBEST (TL) FON
PUC;AK PORTFÖY BİRİNCİ KISA VADELİ SERBEST (TL)  FON
PVK;ALBARAKA PORTFÖY KISA VADELİ KATILIM SERBEST (TL) FON
PYR;PARDUS PORTFÖY YİRMİNCİ HİSSE SENEDİ SERBEST FON (HİSSE SENEDİ YOĞUN FON)
RBA;ALBARAKA PORTFÖY BEREKET VAKFI NA DESTEK ALTIN KATILIM FONU
RBB;RE-PIE PORTFÖY BİRİNCİ BORÇLANMA ARAÇLARI (TL) FONU
RBF;ROTA PORTFÖY BİRİNCİ BORÇLANMA ARAÇLARI FONU
RBH;ALBARAKA PORTFÖY KATILIM HİSSE SENEDİ FONU (HİSSE SENEDİ YOĞUN FON)
RBI;RE-PIE PORTFÖY BİRİNCİ SERBEST (DÖVİZ) FON
RBK;ALBARAKA PORTFÖY KATILIM FONU
RBL;QNB PORTFÖY ROBOTİK VE BLOCKCHAİN TEKNOLOJİLERİ SERBEST FON
RBN;RE-PIE PORTFÖY BEŞİNCİ HİSSE SENEDİ SERBEST (TL) FON (HİSSE SENEDİ YOĞUN FON)
RBP;RE-PIE PORTFÖY BİRİNCİ PARA PİYASASI (TL) FONU
RBR;RE-PIE  PORTFÖY BİRİNCİ KATILIM SERBEST FON
RBT;ALBARAKA PORTFÖY KİRA SERTİFİKALARI  KATILIM FONU
RBV;ALBARAKA PORTFÖY KISA VADELİ KİRA SERTİFİKALARI KATILIM (TL) FONU
RCV;AZİMUT PORTFÖY BİRİNCİ ÇOKLU VARLIK KATILIM FONU
RD1;ROTA PORTFÖY BİRİNCİ DEĞİŞKEN FON
RDF;ROTA PORTFÖY DOKUZUNCU HİSSE SENEDİ SERBEST FON (HİSSE SENEDİ YOĞUN FON)
RDT;PHİLLİP PORTFÖY RODOSTO SERBEST FON
RGH;RE-PIE PORTFÖY MUTLAK GETİRİ HEDEFLİ HİSSE SENEDİ SERBEST FON (HİSSE SENEDİ YOĞUN FON)
RHI;RE-PIE PORTFÖY BİRİNCİ HİSSE SENEDİ (TL) FONU (HİSSE SENEDİ YOĞUN FON)
RHS;ROTA PORTFÖY HİSSE SENEDİ (TL) FON (HİSSE SENEDİ YOĞUN FON)
RIA;ROTA PORTFÖY İSTATİSTİKSEL ARBİTRAJ HİSSE SENEDİ SERBEST FON (HİSSE SENEDİ YOĞUN FON)
RIH;RE-PIE PORTFÖY İKİNCİ HİSSE SENEDİ SERBEST FON (HİSSE SENEDİ YOĞUN FON)
RIK;RE-PIE PORTFÖY İKİNCİ DEĞİŞKEN FON
RJG;RE-PIE PORTFÖY ALTIN KATILIM FONU
RKC;ROTA PORTFÖY İKİNCİ DEĞİŞKEN FON
RKH;RE-PIE PORTFÖY KATILIM HİSSE SENEDİ SERBEST (TL) FON (HİSSE SENEDİ YOĞUN FON)
RKS;ROTA PORTFÖY KİRA SERTİFİKALARI KATILIM FONU
RKV;RE-PIE PORTFÖY KISA VADELİ KATILIM SERBEST (TL) FON
RPC;ROTA PORTFÖY İKLİM DEĞİŞİKLİĞİ ÇÖZÜMLERİ DEĞİŞKEN FON
RPD;RE-PIE PORTFÖY BİRİNCİ DEĞİŞKEN FON
RPG;ROTA PORTFÖY ALTIN FONU
RPI;ROTA PORTFÖY KATILIM HİSSE SENEDİ FONU (HİSSE SENEDİ YOĞUN FON)
RPL;RE-PIE PORTFÖY ALGORİTMİK STRATEJİLER SERBEST FON
RPM;ROTA PORTFÖY İLAÇ VE MEDİKAL TEKNOLOJİLERİ DEĞİŞKEN FON
RPP;ROTA PORTFÖY PARA PİYASASI (TL) FONU
RPS;ROTA PORTFÖY BİRİNCİ SERBEST (DÖVİZ) FON
RPT;ROTA PORTFÖY İKİNCİ SERBEST (TL) FON
RPX;ROTA PORTFÖY ÜÇÜNCÜ SERBEST (DÖVİZ) FON
RRA;ROTA PORTFÖY PARA PİYASASI SERBEST FON
RRP;RE-PIE PORTFÖY PARA PİYASASI KATILIM (TL) FON
RS1;ROTA PORTFÖY BİRİNCİ KISA VADELİ SERBEST FON
RTD;RE-PIE PORTFÖY TEKNOLOJİ DEĞİŞKEN FON
RTG;ATA PORTFÖY ROBOTİK TEKNOLOJİLERİ DEĞİŞKEN FON
RTH;RE-PIE PORTFÖY BİRİNCİ HİSSE SENEDİ SERBEST FON (HİSSE SENEDİ YOĞUN FON)
RTP;RE-PIE PORTFÖY BİRİNCİ SERBEST FON
RUT;BV PORTFÖY ROBOTİK VE UZAY TEKNOLOJİLERİ DEĞİŞKEN FON
SAS;AK PORTFÖY SABANCI TOPLULUĞU ŞİRKETLERİ ENDEKSİ HİSSE SENEDİ (TL) FONU (HİSSE SENEDİ YOĞUN FON)
SBH;SPARTA PORTFÖY BİRİNCİ HİSSE SENEDİ SERBEST (TL) FON (HİSSE SENEDİ YOĞUN FON)
SFS;AZİMUT PORTFÖY AGRESİF FON SEPETİ FONU
SGT;GARANTİ PORTFÖY SİBER GÜVENLİK TEKNOLOJİLERİ DEĞİŞKEN FON
SHE;TEB PORTFÖY ÖNCE KADIN DEĞİŞKEN FON
SKO;STRATEJİ PORTFÖY KAR PAYI ÖDEYEN HİSSE SENEDİ FONU (HİSSE SENEDİ YOĞUN FON)
SLG;QNB PORTFÖY ALGORİTMİK STRATEJİLER HİSSE SENEDİ FONU (HİSSE SENEDİ YOĞUN FON)
SNY;ATLAS PORTFÖY SANAYİ SEKTÖRÜ HİSSE SENEDİ SERBEST FON (HİSSE SENEDİ YOĞUN FON)
SOS;HEDEF PORTFÖY SAĞLIK SEKTÖRÜ DEĞİŞKEN FON
SPE;AZIMUT PORTFÖY 5.0 SERBEST (DÖVIZ) FON
SPN;AZİMUT PORTFÖY İSTATİSTİKSEL ARBİTRAJ HİSSE SENEDİ SERBEST FON (HİSSE SENEDİ YOĞUN FON)
SPP;SPARTA PORTFÖY BİRİNCİ PARA PİYASASI (TL) FONU
SPR;BV PORTFÖY SPOR ENDÜSTRİSİ DEĞİŞKEN FON
SPT;AKTİF PORTFÖY KATILIM FON SEPETİ FONU
SRL;PARDUS PORTFÖY SÜRDÜRÜLEBİLİRLİK HİSSE SENEDİ (TL) FONU (HİSSE SENEDİ YOĞUN FON)
SSK;DENİZ PORTFÖY SAĞLIK SEKTÖRÜ DEĞİŞKEN FON
SSS;YAPI KREDİ PORTFÖY SAVUNMA SANAYİİ ŞİRKETLERİ ENDEKSİ HİSSE SENEDİ FONU (HİSSE SENEDİ YOĞUN FON)
ST1;STRATEJİ PORTFÖY BİRİNCİ HİSSE SENEDİ FONU(HİSSE SENEDİ YOĞUN FON)
STI;ATLAS PORTFÖY SENTİMENT SERBEST FON
SUA;ÜNLÜ PORTFÖY BİRİNCİ DEĞİŞKEN FON
SUB;ÜNLÜ PORTFÖY İKİNCİ DEĞİŞKEN FON
SUC;ÜNLÜ PORTFÖY ÜÇÜNCÜ DEĞIŞKEN FON
SVB;STRATEJİ PORTFÖY AGRESİF DEĞİŞKEN FON
TAL;ATLAS PORTFÖY ALTIN KATILIM FONU
TAR;AK PORTFÖY TARIM VE GIDA TEKNOLOJİLERİ DEĞİŞKEN FON
TAU;İŞ PORTFÖY BIST BANKA ENDEKSİ HİSSE SENEDİ (TL) FONU (HİSSE SENEDİ YOĞUN FON)
TBE;TEB PORTFÖY SAĞLIK VE BİYOTEKNOLOJİ DEĞİŞKEN FON
TBE;TEB PORTFÖY SAĞLIK VE BİYOTEKNOLOJİ DEĞİŞKEN FON
TBT;TEB PORTFÖY BORÇLANMA ARAÇLARI FONU
TBV;İŞ PORTFÖY ÖZEL SEKTÖR BORÇLANMA ARAÇLARI (TL) FONU
TCA;ZİRAAT PORTFÖY ALTIN KATILIM FONU
TCB;TACİRLER PORTFÖY PARA PİYASASI FONU
TCC;TACİRLER PORTFÖY SERBEST ( DÖVİZ ) FON
TCD;TACİRLER PORTFÖY DEĞIŞKEN FON
TCF;TEB PORTFÖY ÜÇÜNCÜ FON SEPETİ FONU
TDG;İŞ PORTFÖY YABANCI BORÇLANMA ARAÇLARI FONU
TE3;TEB PORTFÖY MUTLAK GETİRİ HEDEFLİ DEĞİŞKEN FON
TE4;TEB PORTFÖY BİRİNCİ DEĞİŞKEN FON
TEJ;AZİMUT PORTFÖY TEKNOLOJİ FON SEPETİ FONU
TFF;TEB PORTFÖY AMERİKA TEKNOLOJİ YABANCI BYF FON SEPETİ FONU
TFU;İŞ PORTFÖY TÜFEYE ENDEKSLİ BORÇLANMA ARAÇLARI (TL) FONU
TGA;GARANTİ PORTFÖY AGRESİF DEĞİŞKEN FON
TGE;İŞ PORTFÖY EMTİA YABANCI BYF FON SEPETİ FONU
TGR;AK PORTFÖY TURİZM VE SEYAHAT SEKTÖRÜ DEĞİŞKEN FON
TGX;TEB PORTFÖY TARIM VE GIDA TEKNOLOJİLERİ DEĞİŞKEN FON
TGX;TEB PORTFÖY TARIM VE GIDA TEKNOLOJİLERİ DEĞİŞKEN FON
THD;TRIVE PORTFÖY BİRİNCİ HİSSE SENEDİ (TL) FON
THF;TERA PORTFÖY HİSSE SENEDİ (TL) FONU (HİSSE SENEDİ YOĞUN FON)
THT;TRİVE PORTFÖY HİSSE SENEDİ SERBEST FON (HİSSE SENEDİ YOĞUN FON)
TI2;İŞ PORTFÖY HİSSE SENEDİ (TL) FONU (HİSSE SENEDİ YOĞUN FON)
TI3;İŞ PORTFÖY İŞ BANKASI İŞTİRAKLERİ ENDEKSİ HİSSE SENEDİ (TL) FONU (HİSSE SENEDİ YOĞUN FON)
TI4;İŞ PORTFÖY TEMKİNLİ DEĞİŞKEN FON
TI6;İŞ PORTFÖY BORÇLANMA ARAÇLARI (TL) FONU
TI7;İŞ PORTFÖY DENGELİ DEĞİŞKEN FON
TIE;İŞ PORTFÖY BIST 30 ENDEKSİ HİSSE SENEDİ (TL) FONU (HİSSE SENEDİ YOĞUN FON)
TIL;İŞ PORTFÖY KATILIM HİSSE SENEDİ (TL) FONU (HİSSE SENEDİ YOĞUN FON)
TJF;TEB PORTFÖY SÜRDÜRÜLEBİLİRLİK FON SEPETİ FONU
TJI;TEB PORTFÖY İKİNCİ FON SEPETİ FONU
TJT;TEB PORTFÖY ALTINCI SERBEST (DÖVİZ-AVRO) FON
TKF;TACİRLER PORTFÖY HİSSE SENEDİ FONU (HİSSE SENEDİ YOĞUN FON)
TLE;AURA PORTFÖY YABANCI BORÇLANMA ARAÇLARI FONU
TLH;AURA PORTFÖY HİSSE SENEDİ FONU (HİSSE SENEDİ YOĞUN FON)
TLK;AKTİF PORTFÖY PARA PİYASASI KATILIM (TL) FONU
TLV;TERA PORTFÖY PARA PİYASASI KATILIM (TL) FONU
TLY;TERA PORTFÖY BİRİNCİ SERBEST FON
TLZ;ATA PORTFÖY KATILIM HİSSE SENEDİ (TL) FONU (HİSSE SENEDİ YOĞUN FON)
TMC;İŞ PORTFÖY TEMA DEĞİŞKEN FON
TMG;İŞ PORTFÖY YABANCI HİSSE SENEDİ FONU
TMM;TERA PORTFÖY İKİNCİ SERBEST (DÖVİZ) FON
TMU;AZİMUT PORTFÖY TEMKİNLİ FON SEPETİ FONU
TMZ;İŞ PORTFÖY SÜRDÜRÜLEBİLİRLİK VE TARIM FON SEPETİ FONU
TND;İŞ PORTFÖY TTF TENİSE DESTEK DEĞİŞKEN FON
TOT;TEB PORTFÖY ÖZEL SEKTÖR BORÇLANMA ARAÇLARI FONU
TP2;TERA PORTFÖY PARA PİYASASI (TL) FONU
TPC;TEB PORTFÖY BİRİNCİ FON SEPETİ FONU
TPF;TACİRLER PORTFÖY BORÇLANMA ARAÇLARI FONU
TPJ;TEB PORTFÖY BİRİNCİ SERBEST (DÖVİZ) FON
TPL;TEB PORTFÖY EUROBOND (DÖVİZ) BORÇLANMA ARAÇLARI FONU
TPP;TEB PORTFÖY PUSULA SERBEST FON
TPV;AURA PORTFÖY İKİNCİ DEĞİŞKEN FON
TPZ;TEB PORTFÖY KİRA SERTİFİKALARI (DÖVİZ) KATILIM FONU
TRJ;TERA PORTFÖY BİRİNCİ BORÇLANMA ARAÇLARI (TL) FONU
TRO;TRIVE PORTFÖY ALTIN FONU
TRU;TERA PORTFÖY KATILIM SERBEST (DÖVİZ) FON
TTA;İŞ PORTFÖY ALTIN FONU
TTE;İŞ PORTFÖY BIST TEKNOLOJİ AĞIRLIK SINIRLAMALI ENDEKSİ HİSSE SENEDİ (TL) FONU (HİSSE SENEDİ YOĞUN FON)
TTL;TACİRLER PORTFÖY KARTOPU SERBEST FON
TUA;TEB PORTFÖY ALTIN FONU
TVN;TRIVE PORTFÖY BİRİNCİ FON SEPETİ FONU
TYH;TEB PORTFÖY HİSSE SENEDİ FONU (HİSSE SENEDİ YOĞUN FON)
TZD;ZİRAAT PORTFÖY HİSSE SENEDİ FONU (HİSSE SENEDİ YOĞUN FON)
TZT;ZİRAAT PORTFÖY BORÇLANMA ARAÇLARI (TL) FONU
ULH;ÜNLÜ PORTFÖY ONUNCU SERBEST FON
UNT;İŞ PORTFÖY ÜÇÜNCÜ SERBEST (TL) FON
UP1;ÜNLÜ PORTFÖY ALTIN FONU
UP2;ÜNLÜ PORTFÖY ONİKİNCİ SERBEST FON
UPD;ÜNLÜ PORTFÖY DÖRDÜNCÜ SERBEST (DÖVIZ) FON
UPH;ÜNLÜ PORTFÖY HİSSE SENEDİ (TL) FONU(HİSSE SENEDİ YOĞUN FON)
UPP;ÜNLÜ PORTFÖY PARA PİYASASI (TL) FONU
URA;ATA PORTFÖY ENERJİ DEĞİŞKEN FON
USY;ÜNLÜ PORTFÖY DEĞER YATIRIMLARI SERBEST FON
VAY;AK PORTFÖY DEĞER ODAKLI 100 ŞİRKETLERİ HİSSE SENEDİ (TL) FONU (HİSSE SENEDİ YOĞUN FON)
VCY;AK PORTFÖY ELEKTRİKLİ VE OTONOM ARAÇ TEKNOLOJİLERİ DEĞİŞKEN FON
VFK;ZİRAAT PORTFÖY İKİNCİ KISA VADELİ KİRA SERTİFİKALARI KATILIM (TL) FONU
VMV;VEGA PORTFÖY MAVİ SERBEST FON
VNK;VEGA PORTFÖY ANKA SERBEST FON
VRK;DENİZ PORTFÖY ÇOKLU VARLIK KATILIM FONU
YAC;YAPI KREDİ PORTFÖY İKİNCİ FON SEPETİ FONU
YAK;YAPI KREDİ PORTFÖY KARMA FON
YAN;YAPI KREDİ PORTFÖY BİRİNCİ FON SEPETİ FONU
YAS;YAPI KREDİ PORTFÖY KOÇ HOLDİNG İŞTİRAK VE HİSSE SENEDİ FONU(HİSSE SENEDİ YOĞUN FON)
YAY;YAPI KREDİ PORTFÖY YABANCI TEKNOLOJİ SEKTÖRÜ HİSSE SENEDİ FONU
YBE;YAPI KREDİ PORTFÖY EUROBOND (DOLAR) BORÇLANMA ARAÇLARI FONU
YBH;YAPI KREDİ PORTFÖY 5-15 YIL VADELİ SERBEST (DÖVİZ) FON
YBR;İŞ PORTFÖY YİRMİBİRİNCİ SERBEST (DÖVİZ) FON
YBS;YAPI KREDİ PORTFÖY ÖZEL SEKTÖR BORÇLANMA ARAÇLARI FONU
YCK;YAPI KREDİ PORTFÖY CİHANGİR SERBEST FON
YCP;YAPI KREDİ PORTFÖY BANKACILIK SEKTÖRÜ HİSSE SENEDİ SERBEST FON (HİSSE SENEDİ YOĞUN FON)
YCY;İSTANBUL PORTFÖY KATILIM FON SEPETİ FONU
YDI;YAPI KREDİ PORTFÖY MODEL PORTFÖY HİSSE SENEDİ FONU (HİSSE SENEDİ YOĞUN FON)
YDP;YAPI KREDİ PORTFÖY BİRİNCİ DEĞİŞKEN FON
YEF;YAPI KREDİ PORTFÖY BIST 30 ENDEKSİ HİSSE SENEDİ FONU (HİSSE SENEDİ YOĞUN FON)
YFV;YAPI KREDİ PORTFÖY KİRA SERTİFİKALARI KATILIM FONU
YGM;YAPI KREDİ PORTFÖY EMTİA SERBEST FON
YHB;YAPI KREDİ PORTFÖY BIST 100 DIŞI ŞİRKETLER HİSSE SENEDİ FONU (HİSSE SENEDİ YOĞUN FON)
YHI;YAPI KREDİ PORTFÖY İNŞAAT SEKTÖRÜ HİSSE SENEDİ SERBEST (TL) FON (HİSSE SENEDİ YOĞUN FON)
YHK;YAPI KREDİ PORTFÖY KATILIM HİSSE SENEDİ FONU (HİSSE SENEDİ YOĞUN FON)
YHS;YAPI KREDİ PORTFÖY BİRİNCİ HİSSE SENEDİ FONU (HİSSE SENEDİ YOĞUN FON)
YHT;YAPI KREDİ PORTFÖY KISA VADELİ BORÇLANMA ARAÇLARI (TL) FONU
YHZ;YAPI KREDİ PORTFÖY BIST TEKNOLOJİ AĞIRLIK SINIRLAMALI ENDEKSİ HİSSE SENEDİ FONU ( HİSSE SENEDİ YOĞUN FON)
YIK;YAPI KREDİ PORTFÖY İKİNCİ PARA PİYASASI SERBEST (TL) FON
YIT;GARANTİ PORTFÖY YARI İLETKEN TEKNOLOJİLERİ DEĞİŞKEN FON
YJH;YAPI KREDİ PORTFÖY TEMİZ ENERJİ DEĞİŞKEN FONU
YJK;YAPI KREDİ PORTFÖY ROBOTİK VE YARI İLETKEN TEKNOLOJİLERİ FON SEPETİ FONU
YJY;YAPI KREDİ PORTFÖY YENİKÖY SERBEST (DÖVİZ) FON
YKS;YAPI KREDİ PORTFÖY İSTANBUL SERBEST FON
YKT;YAPI KREDİ PORTFÖY ALTIN FONU
YLC;ATA PORTFÖY TARIM VE GIDA DEĞİŞKEN FON
YLE;YAPI KREDİ PORTFÖY BIST SÜRDÜRÜLEBİLİRLİK ENDEKSİ HİSSE SENEDİ FONU (HİSSE SENEDİ YOĞUN FON)
YLO;YAPI KREDİ PORTFÖY ELEKTRİKLİ ARAÇLAR DEĞİŞKEN FON
YLY;YAPI KREDİ PORTFÖY KİLYOS KAR PAYI ÖDEYEN HİSSE SENEDİ SERBEST (TL) FON (HİSSE SENEDİ YOĞUN FON)
YMD;YAPI KREDİ PORTFÖY MASLAK SERBEST (DÖVİZ- ABD DOLARI) FON
YMH;YAPI KREDİ PORTFÖY MUTLAK GETİRİ HEDEFLİ HİSSE SENEDİ SERBEST FON (HİSSE SENEDİ YOĞUN FON)
YNK;YAPI KREDİ PORTFÖY NİŞANTAŞI KAR PAYI ÖDEYEN SERBEST (DÖVİZ) FON
YOT;YAPI KREDİ PORTFÖY BORÇLANMA ARAÇLARI FONU
YOZ;DENİZ PORTFÖY YAKAMOZ SERBEST (DÖVİZ) FON
YP4;YAPI KREDİ PORTFÖY FERİKÖY SERBEST (DÖVİZ) FON
YPC;YAPI KREDİ PORTFÖY SÜRDÜRÜLEBİLİRLİK DEĞİŞKEN FON
YPK;YAPI KREDİ PORTFÖY GALATA SERBEST FON
YPL;YAPI KREDİ PORTFÖY BALAT SERBEST (DÖVİZ) FON
YPR;AZİMUT PORTFÖY YILDIZ PAZAR ŞİRKETLERİ HİSSE SENEDİ FONU (HİSSE SENEDİ YOĞUN FON)
YPV;YAPI KREDİ PORTFÖY ÜÇÜNCÜ FON SEPETİ FONU
YSL;YAPI KREDİ PORTFÖY KAR PAYI ÖDEYEN KİRA SERTİFİKALARI KATILIM SERBEST (DÖVİZ) FON
YSO;YAPI KREDİ PORTFÖY SAĞLIK SEKTÖRÜ SERBEST FON
YSU;YAPI KREDİ PORTFÖY ÜÇÜNCÜ DEĞİŞKEN FON
YTD;YAPI KREDİ PORTFÖY YABANCI FON SEPETİ FONU
YTV;YAPI KREDİ PORTFÖY TARIM DEĞİŞKEN FON
YTY;YAPI KREDİ PORTFÖY TARABYA SERBEST (DÖVİZ-AVRO) FON
YUB;YAPI KREDİ PORTFÖY KARAKÖY HİSSE SENEDİ SERBEST FON (HİSSE SENEDİ YOĞUN FON)
YUN;YAPI KREDİ PORTFÖY İSTİNYE SERBEST (DÖVİZ) FON
YVB;YAPI KREDİ PORTFÖY UZUN VADELİ BORÇLANMA ARAÇLARI FONU
YVG;YAPI KREDİ PORTFÖY SARIYER SERBEST (DÖVİZ-AVRO) FON
YZC;YAPI KREDİ PORTFÖY FİNTECH VE BLOCKCHAİN TEKNOLOJİLERİ DEĞİŞKEN FON
YZG;YAPI KREDİ PORTFÖY GÜMÜŞ FON SEPETİ FONU
YZH;TEB PORTFÖY BIST BANKA ENDEKSİ HİSSE SENEDİ FONU (HİSSE SENEDİ YOĞUN)
YZK;YAPI KREDİ PORTFÖY KALAMIŞ SERBEST FON
ZBD;ZİRAAT PORTFÖY DENGELİ DEĞİŞKEN FON
ZBI;ZİRAAT PORTFÖY TEMKİNLİ KATILIM FONU
ZBJ;ZİRAAT PORTFÖY BAŞAK PARA PİYASASI (TL) FONU
ZBO;ZİRAAT PORTFÖY MUTLAK GETİRİ HEDEFLİ HİSSE SENEDİ SERBEST FON (HİSSE SENEDİ YOĞUN FON)
ZCD;ZİRAAT PORTFÖY ALTINCI SERBEST (TL) FON
ZCK;ZİRAAT PORTFÖY AGRESİF KATILIM FONU
ZCN;ZİRAAT PORTFÖY EMTİA FON SEPETİ FONU
ZDD;ZİRAAT PORTFÖY TEMKİNLİ DEĞİŞKEN FON
ZDZ;ZİRAAT PORTFÖY AGRESİF DEĞİŞKEN FON
ZFB;AK PORTFÖY FİNTEK VE BLOKZİNCİRİ TEKNOLOJİLERİ DEĞİŞKEN FON
ZHH;ZİRAAT PORTFÖY HALKBANK SÜRDÜRÜLEBİLİRLİK 30 ŞİRKETLERİ HİSSE SENEDİ FONU (HİSSE SENEDİ YOĞUN FON)
ZJB;ZİRAAT PORTFÖY BİRİNCİ SERBEST (TL) FON
ZJI;ZİRAAT PORTFÖY İKİNCİ SERBEST (TL) FON
ZJL;ZİRAAT PORTFÖY BIST 100 DIŞI ŞİRKETLER HİSSE SENEDİ FONU (HİSSE SENEDİ YOĞUN FON)
ZJV;ZİRAAT PORTFÖY BIST 30 DIŞI YILDIZ PAZAR ŞİRKETLERİ HİSSE SENEDİ FONU (HİSSE SENEDİ YOĞUN FON)
ZLH;ZİRAAT PORTFÖY BIST 100-30 ŞİRKETLERİ HİSSE SENEDİ FONU ( HİSSE SENEDİ YOĞUN FON)
ZMT;AZİMUT PORTFÖY 22.0 SERBEST (DÖVİZ-AVRO) FON
ZMY;ZİRAAT PORTFÖY METAVERSE VE YENİ TEKNOLOJİLER DEĞİŞKEN FON
ZP6;ZİRAAT PORTFÖY SEDEF KATILIM SERBEST (DÖVİZ - AMERİKAN DOLARI) FON
ZP8;ZİRAAT PORTFÖY KEHRİBAR PARA PİYASASI KATILIM SERBEST (TL) FON
ZP9;ZİRAAT PORTFÖY AKİK KATILIM SERBEST (DÖVİZ-AVRO) FON
ZPA;ZİRAAT PORTFÖY SERBEST (DÖVİZ) FON
ZPC;ZİRAAT PORTFÖY FON SEPETİ FONU
ZPE;ZİRAAT PORTFÖY KATILIM HİSSE SENEDİ FONU (HİSSE SENEDİ YOĞUN FON)
ZPF;ZİRAAT PORTFÖY KATILIM FONU (DÖVİZ)
ZPG;ZİRAAT PORTFÖY KİRA SERTİFİKALARI (SUKUK) KATILIM FONU
ZPR;ZİRAAT PORTFÖY PARA PİYASASI SERBEST FON
ZSF;ZİRAAT PORTFÖY S&P/OIC COMCEC (İSEDAK) 50 SHARİAH ŞİRKETLERİ YABANCI HİSSE SENEDİ FONU
ZSG;ZİRAAT PORTFÖY ESG SÜRDÜRÜLEBİLİRLİK FON SEPETİ FONU
ZTG;ZİRAAT PORTFÖY TARIM VE GIDA FON SEPETİ FONU
ZVO;ZİRAAT PORTFÖY ÜÇÜNCÜ SERBEST (TL) FON